1,,,set_description,"",1,YToyOntzOjEwOiJmaWVsZFdpZHRoIjtzOjI6IjcwIjtzOjExOiJmaWVsZEhlaWdodCI7czoxOiI2Ijt9,0,1.00000000000000000000,4294967296.00000000000000000000,1
2,,,set_item_description,"",1,YToyOntzOjEwOiJmaWVsZFdpZHRoIjtzOjI6IjcwIjtzOjExOiJmaWVsZEhlaWdodCI7czoxOiI2Ijt9,0,1.00000000000000000000,4294967296.00000000000000000000,2
3,,5,set_presentation_type,"",3,Tjs=,0,1.00000000000000000000,4294967296.00000000000000000000,3
4,,6,set_item_is_primary,"",3,Tjs=,0,1.00000000000000000000,4294967296.00000000000000000000,4
5,,,set_chron_date_element_code,"",1,YToxOntzOjEwOiJmaWVsZFdpZHRoIjtzOjI6IjcwIjt9,0,1.00000000000000000000,4294967296.00000000000000000000,5
6,,,loan_authorization_date,"",2,YToxOntzOjEwOiJmaWVsZFdpZHRoIjtzOjI6IjQwIjt9,0,1.00000000000000000000,4294967296.00000000000000000000,6
7,,,loan_in_date,"",2,YToxOntzOjEwOiJmaWVsZFdpZHRoIjtzOjI6IjQwIjt9,0,1.00000000000000000000,4294967296.00000000000000000000,7
8,,,loan_out_date,"",2,YToxOntzOjEwOiJmaWVsZFdpZHRoIjtzOjI6IjQwIjt9,0,1.00000000000000000000,4294967296.00000000000000000000,8
9,,,loan_return_date,"",2,YToxOntzOjEwOiJmaWVsZFdpZHRoIjtzOjI6IjQwIjt9,0,1.00000000000000000000,4294967296.00000000000000000000,9
10,,,loan_renewal_date,"",2,YToxOntzOjEwOiJmaWVsZFdpZHRoIjtzOjI6IjQwIjt9,0,1.00000000000000000000,4294967296.00000000000000000000,10
11,,,loan_conditions,"",1,YToyOntzOjEwOiJmaWVsZFdpZHRoIjtzOjI6IjcwIjtzOjExOiJmaWVsZEhlaWdodCI7czoxOiIzIjt9,0,1.00000000000000000000,4294967296.00000000000000000000,11
12,,,loan_note,"",1,YToyOntzOjEwOiJmaWVsZFdpZHRoIjtzOjI6IjcwIjtzOjExOiJmaWVsZEhlaWdodCI7czoxOiIzIjt9,0,1.00000000000000000000,4294967296.00000000000000000000,12
13,,,loan_purpose,"",1,YToyOntzOjEwOiJmaWVsZFdpZHRoIjtzOjI6IjcwIjtzOjExOiJmaWVsZEhlaWdodCI7czoxOiIzIjt9,0,1.00000000000000000000,4294967296.00000000000000000000,13
14,,,movement_method,"",1,YToxOntzOjEwOiJmaWVsZFdpZHRoIjtzOjI6IjcwIjt9,0,1.00000000000000000000,4294967296.00000000000000000000,14
15,,,movement_note,"",1,YToxOntzOjEwOiJmaWVsZFdpZHRoIjtzOjI6IjcwIjt9,0,1.00000000000000000000,4294967296.00000000000000000000,15
16,,,planned_removal_date,"",2,YToxOntzOjEwOiJmaWVsZFdpZHRoIjtzOjI6IjQwIjt9,0,1.00000000000000000000,4294967296.00000000000000000000,16
17,,,removal_date,"",2,YToxOntzOjEwOiJmaWVsZFdpZHRoIjtzOjI6IjQwIjt9,0,1.00000000000000000000,4294967296.00000000000000000000,17
18,,,movement_reason,"",1,YToxOntzOjEwOiJmaWVsZFdpZHRoIjtzOjI6IjcwIjt9,0,1.00000000000000000000,4294967296.00000000000000000000,18
19,,,tour_description,"",1,YToyOntzOjEwOiJmaWVsZFdpZHRoIjtzOjI6IjcwIjtzOjExOiJmaWVsZEhlaWdodCI7czoxOiI2Ijt9,0,1.00000000000000000000,4294967296.00000000000000000000,19
20,,,tour_stop_description,"",1,YToyOntzOjEwOiJmaWVsZFdpZHRoIjtzOjI6IjcwIjtzOjExOiJmaWVsZEhlaWdodCI7czoxOiI2Ijt9,0,1.00000000000000000000,4294967296.00000000000000000000,20
21,,,tour_stop_georeference,"",4,Tjs=,0,1.00000000000000000000,4294967296.00000000000000000000,21
22,,,description,"",1,YToyOntzOjEwOiJmaWVsZFdpZHRoIjtzOjM6IjExMCI7czoxMToiZmllbGRIZWlnaHQiO3M6MToiNCI7fQ==,0,1.00000000000000000000,4294967296.00000000000000000000,22
23,,,description_source,"",1,YToyOntzOjEwOiJmaWVsZFdpZHRoIjtzOjU6IjY0MHB4IjtzOjExOiJmaWVsZEhlaWdodCI7czoxOiIzIjt9,0,1.00000000000000000000,4294967296.00000000000000000000,23
24,,,external_link,"",0,YToxOntzOjE3OiJkb2VzTm90VGFrZUxvY2FsZSI7czoxOiIxIjt9,0,1.00000000000000000000,4294967296.00000000000000000000,24
25,24,,url_line1,"",0,Tjs=,0,4295.96729500000000000000,8590.93459000000000000000,24
26,25,,url_source,"",1,YTo0OntzOjEwOiJmaWVsZFdpZHRoIjtzOjU6IjY0MHB4IjtzOjExOiJmaWVsZEhlaWdodCI7czoxOiIyIjtzOjg6Im1pbkNoYXJzIjtzOjE6IjAiO3M6ODoibWF4Q2hhcnMiO3M6NToiNjU1MzUiO30=,0,4725.46402450000000000000,5154.96075400000000000000,24
27,24,,url_line2,"",0,Tjs=,0,12885.89329506500000000000,17180.85200013100000000000,24
28,27,,url_entry,"",5,YToyOntzOjEwOiJmaWVsZFdpZHRoIjtzOjU6IjYxMHB4IjtzOjExOiJmaWVsZEhlaWdodCI7czoxOiIyIjt9,0,13315.38916557200000000000,13744.88503607800000000000,24
29,,,internal_notes,"",1,YTozOntzOjEwOiJmaWVsZFdpZHRoIjtzOjI6IjcwIjtzOjExOiJmaWVsZEhlaWdodCI7czoxOiI0IjtzOjE3OiJkb2VzTm90VGFrZUxvY2FsZSI7czoxOiIxIjt9,0,1.00000000000000000000,4294967296.00000000000000000000,29
30,,,georeference,"",4,YToxOntzOjExOiJmaWVsZEhlaWdodCI7czoxOiIxIjt9,0,1.00000000000000000000,4294967296.00000000000000000000,30
31,,,coverageNotes,"",1,YToyOntzOjEwOiJmaWVsZFdpZHRoIjtzOjU6IjY0MHB4IjtzOjExOiJmaWVsZEhlaWdodCI7czoxOiIzIjt9,0,1.00000000000000000000,4294967296.00000000000000000000,31
32,,,coverageDates,"",2,YToxOntzOjEwOiJmaWVsZFdpZHRoIjtzOjI6IjQwIjt9,0,1.00000000000000000000,4294967296.00000000000000000000,32
33,,,formatNotes,"",1,YToyOntzOjEwOiJmaWVsZFdpZHRoIjtzOjU6IjY0MHB4IjtzOjExOiJmaWVsZEhlaWdodCI7czoxOiIzIjt9,0,1.00000000000000000000,4294967296.00000000000000000000,33
34,,,vhh_Duration,"",10,YToyOntzOjEwOiJmaWVsZFdpZHRoIjtzOjI6IjMwIjtzOjExOiJmaWVsZEhlaWdodCI7czoxOiIxIjt9,0,1.00000000000000000000,4294967296.00000000000000000000,34
35,,,lcsh_terms,"",13,YToxOntzOjEwOiJmaWVsZFdpZHRoIjtzOjU6IjUwMHB4Ijt9,0,1.00000000000000000000,4294967296.00000000000000000000,35
36,,,rights,"",0,YToxOntzOjMwOiJsaW5lQnJlYWtBZnRlck51bWJlck9mRWxlbWVudHMiO3M6MToiMSI7fQ==,0,1.00000000000000000000,4294967296.00000000000000000000,36
37,36,,rightsText,"",1,YTo0OntzOjEwOiJmaWVsZFdpZHRoIjtzOjU6IjY0MHB4IjtzOjExOiJmaWVsZEhlaWdodCI7czoxOiI2IjtzOjg6Im1pbkNoYXJzIjtzOjE6IjAiO3M6ODoibWF4Q2hhcnMiO3M6NToiNjU1MzUiO30=,0,4295.96729500000000000000,8590.93459000000000000000,36
38,36,,rightsHolder,"",1,YTo0OntzOjEwOiJmaWVsZFdpZHRoIjtzOjU6IjY0MHB4IjtzOjExOiJmaWVsZEhlaWdodCI7czoxOiIxIjtzOjg6Im1pbkNoYXJzIjtzOjE6IjAiO3M6ODoibWF4Q2hhcnMiO3M6NToiNjU1MzUiO30=,0,12885.89329506500000000000,17180.85200013100000000000,36
39,36,,copyrightStatement,"",1,YTo0OntzOjEwOiJmaWVsZFdpZHRoIjtzOjU6IjY0MHB4IjtzOjExOiJmaWVsZEhlaWdodCI7czoxOiIxIjtzOjg6Im1pbkNoYXJzIjtzOjE6IjAiO3M6ODoibWF4Q2hhcnMiO3M6NToiNjU1MzUiO30=,0,21475.80211527900000000000,25770.75223042700000000000,36
40,,,address,"",0,YToxOntzOjE3OiJkb2VzTm90VGFrZUxvY2FsZSI7czoxOiIxIjt9,0,1.00000000000000000000,4294967296.00000000000000000000,40
41,40,,line1,"",0,Tjs=,0,4295.96729500000000000000,8590.93459000000000000000,40
42,41,,address1,"",1,YTo0OntzOjEwOiJmaWVsZFdpZHRoIjtzOjI6IjcwIjtzOjExOiJmaWVsZEhlaWdodCI7czoxOiIxIjtzOjg6Im1pbkNoYXJzIjtzOjE6IjAiO3M6ODoibWF4Q2hhcnMiO3M6MzoiMjU1Ijt9,0,4725.46402450000000000000,5154.96075400000000000000,40
43,40,,line2,"",0,Tjs=,0,12885.89329506500000000000,17180.85200013100000000000,40
44,43,,address2,"",1,YTo0OntzOjEwOiJmaWVsZFdpZHRoIjtzOjI6IjcwIjtzOjExOiJmaWVsZEhlaWdodCI7czoxOiIxIjtzOjg6Im1pbkNoYXJzIjtzOjE6IjAiO3M6ODoibWF4Q2hhcnMiO3M6MzoiMjU1Ijt9,0,13315.38916557200000000000,13744.88503607800000000000,40
45,40,,line3,"",0,Tjs=,0,21475.80211527900000000000,25770.75223042700000000000,40
46,45,,city,"",1,YTo0OntzOjEwOiJmaWVsZFdpZHRoIjtzOjI6IjIwIjtzOjExOiJmaWVsZEhlaWdodCI7czoxOiIxIjtzOjg6Im1pbkNoYXJzIjtzOjE6IjAiO3M6ODoibWF4Q2hhcnMiO3M6MzoiMjU1Ijt9,0,21905.29712679400000000000,22334.79213830900000000000,40
47,45,,stateprovince,"",1,YTo0OntzOjEwOiJmaWVsZFdpZHRoIjtzOjI6IjE1IjtzOjExOiJmaWVsZEhlaWdodCI7czoxOiIxIjtzOjg6Im1pbkNoYXJzIjtzOjE6IjAiO3M6ODoibWF4Q2hhcnMiO3M6MzoiMjU1Ijt9,0,22678.38814752100000000000,23021.98415673300000000000,40
48,45,,postalcode,"",1,YTo0OntzOjEwOiJmaWVsZFdpZHRoIjtzOjI6IjEwIjtzOjExOiJmaWVsZEhlaWdodCI7czoxOiIxIjtzOjg6Im1pbkNoYXJzIjtzOjE6IjAiO3M6ODoibWF4Q2hhcnMiO3M6MzoiMjU1Ijt9,0,23296.86096410200000000000,23571.73777147200000000000,40
49,,,telephone,"",1,YToyOntzOjEwOiJmaWVsZFdpZHRoIjtzOjI6IjcwIjtzOjE3OiJkb2VzTm90VGFrZUxvY2FsZSI7czoxOiIxIjt9,0,1.00000000000000000000,4294967296.00000000000000000000,49
50,,,email,"",1,YToyOntzOjEwOiJmaWVsZFdpZHRoIjtzOjI6IjcwIjtzOjE3OiJkb2VzTm90VGFrZUxvY2FsZSI7czoxOiIxIjt9,0,1.00000000000000000000,4294967296.00000000000000000000,50
51,,,biography,"",1,YToyOntzOjEwOiJmaWVsZFdpZHRoIjtzOjI6IjcwIjtzOjExOiJmaWVsZEhlaWdodCI7czoxOiI2Ijt9,0,1.00000000000000000000,4294967296.00000000000000000000,51
52,,,biography_source,"",1,YToyOntzOjEwOiJmaWVsZFdpZHRoIjtzOjI6IjcwIjtzOjExOiJmaWVsZEhlaWdodCI7czoxOiIzIjt9,0,1.00000000000000000000,4294967296.00000000000000000000,52
53,,,vhh_Language,"",0,YToyOntzOjIxOiJjYW5CZVVzZWRJblNlYXJjaEZvcm0iO3M6MToiMCI7czoxODoiY2FuQmVVc2VkSW5EaXNwbGF5IjtzOjE6IjAiO30=,0,1.00000000000000000000,4294967296.00000000000000000000,53
54,53,45,lang_Name,"",3,YToxNjp7czoxNzoiZG9lc05vdFRha2VMb2NhbGUiO3M6MToiMCI7czoxNToiY2FuQmVVc2VkSW5Tb3J0IjtzOjE6IjEiO3M6MjE6ImNhbkJlVXNlZEluU2VhcmNoRm9ybSI7czoxOiIxIjtzOjE4OiJjYW5CZVVzZWRJbkRpc3BsYXkiO3M6MToiMSI7czoxMDoiY2FuTWFrZVBERiI7czoxOiIwIjtzOjE4OiJjYW5NYWtlUERGRm9yVmFsdWUiO3M6MToiMCI7czo5OiJsaXN0V2lkdGgiO3M6MjoiMzAiO3M6MTA6Imxpc3RIZWlnaHQiO3M6MToiMSI7czoxMjoicmVxdWlyZVZhbHVlIjtzOjE6IjAiO3M6MTQ6Im51bGxPcHRpb25UZXh0IjtzOjc6Ik5vdCBzZXQiO3M6MTg6InVzZURlZmF1bHRXaGVuTnVsbCI7czoxOiIwIjtzOjY6InJlbmRlciI7czo2OiJzZWxlY3QiO3M6MTE6ImF1dG9fc2hyaW5rIjtzOjE6IjAiO3M6MTA6Im1heENvbHVtbnMiO3M6MToiMyI7czoxODoiaW1wbGljaXROdWxsT3B0aW9uIjtzOjE6IjAiO3M6MTU6InJlc3RyaWN0VG9UeXBlcyI7czoxOiIyIjt9,0,4295.96729500000000000000,8590.93459000000000000000,53
55,53,63,lang_Usage,"",3,YToxNjp7czoxNzoiZG9lc05vdFRha2VMb2NhbGUiO3M6MToiMCI7czoxNToiY2FuQmVVc2VkSW5Tb3J0IjtzOjE6IjEiO3M6MjE6ImNhbkJlVXNlZEluU2VhcmNoRm9ybSI7czoxOiIxIjtzOjE4OiJjYW5CZVVzZWRJbkRpc3BsYXkiO3M6MToiMSI7czoxMDoiY2FuTWFrZVBERiI7czoxOiIwIjtzOjE4OiJjYW5NYWtlUERGRm9yVmFsdWUiO3M6MToiMCI7czo5OiJsaXN0V2lkdGgiO3M6MjoiNDAiO3M6MTA6Imxpc3RIZWlnaHQiO3M6NToiMjAwcHgiO3M6MTI6InJlcXVpcmVWYWx1ZSI7czoxOiIwIjtzOjE0OiJudWxsT3B0aW9uVGV4dCI7czo3OiJOb3Qgc2V0IjtzOjE4OiJ1c2VEZWZhdWx0V2hlbk51bGwiO3M6MToiMCI7czo2OiJyZW5kZXIiO3M6Njoic2VsZWN0IjtzOjExOiJhdXRvX3NocmluayI7czoxOiIwIjtzOjEwOiJtYXhDb2x1bW5zIjtzOjE6IjMiO3M6MTg6ImltcGxpY2l0TnVsbE9wdGlvbiI7czoxOiIwIjtzOjE1OiJyZXN0cmljdFRvVHlwZXMiO3M6MToiMiI7fQ==,0,12885.89329506500000000000,17180.85200013100000000000,53
56,,,vhh_DateEvent,"",2,YToxOntzOjEzOiJ1c2VEYXRlUGlja2VyIjtzOjE6IjEiO30=,0,1.00000000000000000000,4294967296.00000000000000000000,56
57,,,vhh_Identifier,"",0,YToyOntzOjIxOiJjYW5CZVVzZWRJblNlYXJjaEZvcm0iO3M6MToiMCI7czoxODoiY2FuQmVVc2VkSW5EaXNwbGF5IjtzOjE6IjAiO30=,0,1.00000000000000000000,4294967296.00000000000000000000,57
58,57,,IdentifierScheme,"",1,YToxNTp7czo4OiJtaW5DaGFycyI7czoxOiIwIjtzOjg6Im1heENoYXJzIjtzOjU6IjY1NTM1IjtzOjEwOiJmaWVsZFdpZHRoIjtzOjI6IjMwIjtzOjExOiJmaWVsZEhlaWdodCI7czoxOiIxIjtzOjE2OiJ1c2V3eXNpd3lnZWRpdG9yIjtzOjE6IjAiO3M6MTc6ImRvZXNOb3RUYWtlTG9jYWxlIjtzOjE6IjAiO3M6MTU6ImNhbkJlVXNlZEluU29ydCI7czoxOiIxIjtzOjIxOiJzdWdnZXN0RXhpc3RpbmdWYWx1ZXMiO3M6MToiMSI7czoyNDoic3VnZ2VzdEV4aXN0aW5nVmFsdWVTb3J0IjtzOjU6InZhbHVlIjtzOjIxOiJjYW5CZVVzZWRJblNlYXJjaEZvcm0iO3M6MToiMSI7czoxODoiY2FuQmVVc2VkSW5EaXNwbGF5IjtzOjE6IjEiO3M6MTA6ImNhbk1ha2VQREYiO3M6MToiMCI7czoxODoiY2FuTWFrZVBERkZvclZhbHVlIjtzOjE6IjAiO3M6MTY6ImlzRGVwZW5kZW50VmFsdWUiO3M6MToiMCI7czoxMjoibXVzdEJlVW5pcXVlIjtzOjE6IjAiO30=,0,4295.96729500000000000000,8590.93459000000000000000,57
59,57,,IdentifierValue,"",1,YToxNTp7czo4OiJtaW5DaGFycyI7czoxOiIwIjtzOjg6Im1heENoYXJzIjtzOjU6IjY1NTM1IjtzOjEwOiJmaWVsZFdpZHRoIjtzOjI6IjQwIjtzOjExOiJmaWVsZEhlaWdodCI7czoxOiIxIjtzOjE2OiJ1c2V3eXNpd3lnZWRpdG9yIjtzOjE6IjAiO3M6MTc6ImRvZXNOb3RUYWtlTG9jYWxlIjtzOjE6IjAiO3M6MTU6ImNhbkJlVXNlZEluU29ydCI7czoxOiIxIjtzOjIxOiJzdWdnZXN0RXhpc3RpbmdWYWx1ZXMiO3M6MToiMCI7czoyNDoic3VnZ2VzdEV4aXN0aW5nVmFsdWVTb3J0IjtzOjU6InZhbHVlIjtzOjIxOiJjYW5CZVVzZWRJblNlYXJjaEZvcm0iO3M6MToiMSI7czoxODoiY2FuQmVVc2VkSW5EaXNwbGF5IjtzOjE6IjEiO3M6MTA6ImNhbk1ha2VQREYiO3M6MToiMCI7czoxODoiY2FuTWFrZVBERkZvclZhbHVlIjtzOjE6IjAiO3M6MTY6ImlzRGVwZW5kZW50VmFsdWUiO3M6MToiMCI7czoxMjoibXVzdEJlVW5pcXVlIjtzOjE6IjAiO30=,0,12885.89329506500000000000,17180.85200013100000000000,57
60,,52,vhh_DescriptionLevel,"",3,YToyOntzOjEyOiJyZXF1aXJlVmFsdWUiO3M6MToiMSI7czo2OiJyZW5kZXIiO3M6Njoic2VsZWN0Ijt9,0,1.00000000000000000000,4294967296.00000000000000000000,60
61,,,vhh_Title,"",0,YToyOntzOjIxOiJjYW5CZVVzZWRJblNlYXJjaEZvcm0iO3M6MToiMCI7czoxODoiY2FuQmVVc2VkSW5EaXNwbGF5IjtzOjE6IjAiO30=,0,1.00000000000000000000,4294967296.00000000000000000000,61
62,61,45,Language,"",3,YToxNjp7czo2OiJyZW5kZXIiO3M6Njoic2VsZWN0IjtzOjEwOiJtYXhDb2x1bW5zIjtzOjE6IjMiO3M6OToibGlzdFdpZHRoIjtzOjI6IjIwIjtzOjEwOiJsaXN0SGVpZ2h0IjtzOjU6IjIwMHB4IjtzOjE3OiJkb2VzTm90VGFrZUxvY2FsZSI7czoxOiIxIjtzOjEyOiJyZXF1aXJlVmFsdWUiO3M6MToiMCI7czoxNDoibnVsbE9wdGlvblRleHQiO3M6NzoiTm90IHNldCI7czoxODoidXNlRGVmYXVsdFdoZW5OdWxsIjtzOjE6IjAiO3M6MTU6ImNhbkJlVXNlZEluU29ydCI7czoxOiIxIjtzOjExOiJhdXRvX3NocmluayI7czoxOiIwIjtzOjIxOiJjYW5CZVVzZWRJblNlYXJjaEZvcm0iO3M6MToiMSI7czoxODoiY2FuQmVVc2VkSW5EaXNwbGF5IjtzOjE6IjEiO3M6MTA6ImNhbk1ha2VQREYiO3M6MToiMCI7czoxODoiY2FuTWFrZVBERkZvclZhbHVlIjtzOjE6IjAiO3M6MTg6ImltcGxpY2l0TnVsbE9wdGlvbiI7czoxOiIwIjtzOjE1OiJyZXN0cmljdFRvVHlwZXMiO3M6MToiMiI7fQ==,0,4295.96729500000000000000,8590.93459000000000000000,61
63,61,,TitleText,"",1,YToxNTp7czo4OiJtaW5DaGFycyI7czoxOiIwIjtzOjg6Im1heENoYXJzIjtzOjU6IjY1NTM1IjtzOjEwOiJmaWVsZFdpZHRoIjtzOjI6IjQwIjtzOjExOiJmaWVsZEhlaWdodCI7czoxOiIxIjtzOjE2OiJ1c2V3eXNpd3lnZWRpdG9yIjtzOjE6IjAiO3M6MTc6ImRvZXNOb3RUYWtlTG9jYWxlIjtzOjE6IjAiO3M6MTU6ImNhbkJlVXNlZEluU29ydCI7czoxOiIxIjtzOjIxOiJzdWdnZXN0RXhpc3RpbmdWYWx1ZXMiO3M6MToiMCI7czoyNDoic3VnZ2VzdEV4aXN0aW5nVmFsdWVTb3J0IjtzOjU6InZhbHVlIjtzOjIxOiJjYW5CZVVzZWRJblNlYXJjaEZvcm0iO3M6MToiMSI7czoxODoiY2FuQmVVc2VkSW5EaXNwbGF5IjtzOjE6IjEiO3M6MTA6ImNhbk1ha2VQREYiO3M6MToiMCI7czoxODoiY2FuTWFrZVBERkZvclZhbHVlIjtzOjE6IjAiO3M6MTY6ImlzRGVwZW5kZW50VmFsdWUiO3M6MToiMCI7czoxMjoibXVzdEJlVW5pcXVlIjtzOjE6IjAiO30=,0,12885.89329506500000000000,17180.85200013100000000000,61
64,61,,PartDesignation,"",0,YTo1OntzOjE3OiJkb2VzTm90VGFrZUxvY2FsZSI7czoxOiIwIjtzOjIxOiJjYW5CZVVzZWRJblNlYXJjaEZvcm0iO3M6MToiMCI7czoxODoiY2FuQmVVc2VkSW5EaXNwbGF5IjtzOjE6IjAiO3M6MTA6ImNhbk1ha2VQREYiO3M6MToiMCI7czoxODoiY2FuTWFrZVBERkZvclZhbHVlIjtzOjE6IjAiO30=,0,21475.80211527900000000000,25770.75223042700000000000,61
65,64,54,Unit,"",3,YToxNjp7czo5OiJsaXN0V2lkdGgiO3M6MjoiMjAiO3M6MTA6Imxpc3RIZWlnaHQiO3M6NToiMjAwcHgiO3M6MTc6ImRvZXNOb3RUYWtlTG9jYWxlIjtzOjE6IjEiO3M6MTI6InJlcXVpcmVWYWx1ZSI7czoxOiIwIjtzOjE0OiJudWxsT3B0aW9uVGV4dCI7czo3OiJOb3Qgc2V0IjtzOjE4OiJ1c2VEZWZhdWx0V2hlbk51bGwiO3M6MToiMCI7czoxNToiY2FuQmVVc2VkSW5Tb3J0IjtzOjE6IjEiO3M6NjoicmVuZGVyIjtzOjY6InNlbGVjdCI7czoxMToiYXV0b19zaHJpbmsiO3M6MToiMCI7czoxMDoibWF4Q29sdW1ucyI7czoxOiIzIjtzOjIxOiJjYW5CZVVzZWRJblNlYXJjaEZvcm0iO3M6MToiMSI7czoxODoiY2FuQmVVc2VkSW5EaXNwbGF5IjtzOjE6IjEiO3M6MTA6ImNhbk1ha2VQREYiO3M6MToiMCI7czoxODoiY2FuTWFrZVBERkZvclZhbHVlIjtzOjE6IjAiO3M6MTg6ImltcGxpY2l0TnVsbE9wdGlvbiI7czoxOiIwIjtzOjE1OiJyZXN0cmljdFRvVHlwZXMiO3M6MToiMiI7fQ==,0,21905.29712679400000000000,22334.79213830900000000000,61
66,64,,Value,"",1,YToxNTp7czo4OiJtaW5DaGFycyI7czoxOiIwIjtzOjg6Im1heENoYXJzIjtzOjU6IjY1NTM1IjtzOjEwOiJmaWVsZFdpZHRoIjtzOjI6IjIwIjtzOjExOiJmaWVsZEhlaWdodCI7czoxOiIxIjtzOjE2OiJ1c2V3eXNpd3lnZWRpdG9yIjtzOjE6IjAiO3M6MTc6ImRvZXNOb3RUYWtlTG9jYWxlIjtzOjE6IjAiO3M6MTU6ImNhbkJlVXNlZEluU29ydCI7czoxOiIxIjtzOjIxOiJzdWdnZXN0RXhpc3RpbmdWYWx1ZXMiO3M6MToiMCI7czoyNDoic3VnZ2VzdEV4aXN0aW5nVmFsdWVTb3J0IjtzOjU6InZhbHVlIjtzOjIxOiJjYW5CZVVzZWRJblNlYXJjaEZvcm0iO3M6MToiMSI7czoxODoiY2FuQmVVc2VkSW5EaXNwbGF5IjtzOjE6IjEiO3M6MTA6ImNhbk1ha2VQREYiO3M6MToiMCI7czoxODoiY2FuTWFrZVBERkZvclZhbHVlIjtzOjE6IjAiO3M6MTY6ImlzRGVwZW5kZW50VmFsdWUiO3M6MToiMCI7czoxMjoibXVzdEJlVW5pcXVlIjtzOjE6IjAiO30=,0,22678.38814752100000000000,23021.98415673300000000000,61
67,64,,TemporalScope,"",2,YToxMzp7czoxMDoiZmllbGRXaWR0aCI7czoyOiIxNSI7czoxNzoiZG9lc05vdFRha2VMb2NhbGUiO3M6MToiMSI7czoxNToiY2FuQmVVc2VkSW5Tb3J0IjtzOjE6IjEiO3M6MTM6InVzZURhdGVQaWNrZXIiO3M6MToiMCI7czoyMDoiZGF0ZVBpY2tlckRhdGVGb3JtYXQiO3M6ODoieXktbW0tZGQiO3M6MTQ6Im11c3ROb3RCZUJsYW5rIjtzOjE6IjAiO3M6MTA6ImlzTGlmZXNwYW4iO3M6MToiMCI7czoyMToic3VnZ2VzdEV4aXN0aW5nVmFsdWVzIjtzOjE6IjAiO3M6MjQ6InN1Z2dlc3RFeGlzdGluZ1ZhbHVlU29ydCI7czo1OiJ2YWx1ZSI7czoyMToiY2FuQmVVc2VkSW5TZWFyY2hGb3JtIjtzOjE6IjEiO3M6MTg6ImNhbkJlVXNlZEluRGlzcGxheSI7czoxOiIxIjtzOjEwOiJjYW5NYWtlUERGIjtzOjE6IjAiO3M6MTg6ImNhbk1ha2VQREZGb3JWYWx1ZSI7czoxOiIwIjt9,0,23296.86096410200000000000,23571.73777147200000000000,61
68,64,,vhh_GeographicScope,"",1,YToxNTp7czoxMDoiZmllbGRXaWR0aCI7czoyOiI0MCI7czoxMToiZmllbGRIZWlnaHQiO3M6MToiMSI7czoxNzoiZG9lc05vdFRha2VMb2NhbGUiO3M6MToiMSI7czoxNToiY2FuQmVVc2VkSW5Tb3J0IjtzOjE6IjAiO3M6MjE6ImNhbkJlVXNlZEluU2VhcmNoRm9ybSI7czoxOiIxIjtzOjE4OiJjYW5CZVVzZWRJbkRpc3BsYXkiO3M6MToiMSI7czoxMDoiY2FuTWFrZVBERiI7czoxOiIwIjtzOjE4OiJjYW5NYWtlUERGRm9yVmFsdWUiO3M6MToiMCI7czo4OiJtaW5DaGFycyI7czoxOiIwIjtzOjg6Im1heENoYXJzIjtzOjU6IjY1NTM1IjtzOjE2OiJ1c2V3eXNpd3lnZWRpdG9yIjtzOjE6IjAiO3M6MjE6InN1Z2dlc3RFeGlzdGluZ1ZhbHVlcyI7czoxOiIxIjtzOjI0OiJzdWdnZXN0RXhpc3RpbmdWYWx1ZVNvcnQiO3M6NToidmFsdWUiO3M6MTY6ImlzRGVwZW5kZW50VmFsdWUiO3M6MToiMCI7czoxMjoibXVzdEJlVW5pcXVlIjtzOjE6IjAiO30=,0,23791.63921736700000000000,24011.54066326300000000000,61
69,61,53,TitleRelationship,"",3,YToxNDp7czo5OiJsaXN0V2lkdGgiO3M6MjoiMzAiO3M6MTA6Imxpc3RIZWlnaHQiO3M6NToiMjAwcHgiO3M6MTc6ImRvZXNOb3RUYWtlTG9jYWxlIjtzOjE6IjEiO3M6MTI6InJlcXVpcmVWYWx1ZSI7czoxOiIwIjtzOjE0OiJudWxsT3B0aW9uVGV4dCI7czo3OiJOb3Qgc2V0IjtzOjE4OiJ1c2VEZWZhdWx0V2hlbk51bGwiO3M6MToiMCI7czoxNToiY2FuQmVVc2VkSW5Tb3J0IjtzOjE6IjEiO3M6NjoicmVuZGVyIjtzOjY6InNlbGVjdCI7czoxMToiYXV0b19zaHJpbmsiO3M6MToiMCI7czoxMDoibWF4Q29sdW1ucyI7czoxOiIzIjtzOjIxOiJjYW5CZVVzZWRJblNlYXJjaEZvcm0iO3M6MToiMSI7czoxODoiY2FuQmVVc2VkSW5EaXNwbGF5IjtzOjE6IjEiO3M6MTA6ImNhbk1ha2VQREYiO3M6MToiMCI7czoxODoiY2FuTWFrZVBERkZvclZhbHVlIjtzOjE6IjAiO30=,0,30065.69375567500000000000,34360.63528092300000000000,61
70,,,vhh_Note,"",0,YToxOntzOjMwOiJsaW5lQnJlYWtBZnRlck51bWJlck9mRWxlbWVudHMiO3M6MToiMSI7fQ==,0,1.00000000000000000000,4294967296.00000000000000000000,70
71,70,,vhh_NoteText,"",1,YToxNjp7czo4OiJtaW5DaGFycyI7czoyOiIxMCI7czo4OiJtYXhDaGFycyI7czo1OiI2NTUzNSI7czoxMDoiZmllbGRXaWR0aCI7czozOiIxMTAiO3M6MTE6ImZpZWxkSGVpZ2h0IjtzOjE6IjQiO3M6MTY6InVzZXd5c2l3eWdlZGl0b3IiO3M6MToiMCI7czoxNzoiZG9lc05vdFRha2VMb2NhbGUiO3M6MToiMCI7czoxNToiY2FuQmVVc2VkSW5Tb3J0IjtzOjE6IjEiO3M6MjE6InN1Z2dlc3RFeGlzdGluZ1ZhbHVlcyI7czoxOiIwIjtzOjI0OiJzdWdnZXN0RXhpc3RpbmdWYWx1ZVNvcnQiO3M6NToidmFsdWUiO3M6MjE6ImNhbkJlVXNlZEluU2VhcmNoRm9ybSI7czoxOiIxIjtzOjE4OiJjYW5CZVVzZWRJbkRpc3BsYXkiO3M6MToiMSI7czoxMDoiY2FuTWFrZVBERiI7czoxOiIwIjtzOjE4OiJjYW5NYWtlUERGRm9yVmFsdWUiO3M6MToiMCI7czoxNjoiZGlzcGxheURlbGltaXRlciI7czoyOiI7ICI7czoxNjoiaXNEZXBlbmRlbnRWYWx1ZSI7czoxOiIwIjtzOjEyOiJtdXN0QmVVbmlxdWUiO3M6MToiMCI7fQ==,0,4295.96729500000000000000,8590.93459000000000000000,70
72,70,,vhh_NoteReference,"",1,YToxNjp7czo4OiJtaW5DaGFycyI7czoxOiI1IjtzOjg6Im1heENoYXJzIjtzOjU6IjY1NTM1IjtzOjEwOiJmaWVsZFdpZHRoIjtzOjI6IjQwIjtzOjExOiJmaWVsZEhlaWdodCI7czoxOiIxIjtzOjE2OiJ1c2V3eXNpd3lnZWRpdG9yIjtzOjE6IjAiO3M6MTc6ImRvZXNOb3RUYWtlTG9jYWxlIjtzOjE6IjAiO3M6MTU6ImNhbkJlVXNlZEluU29ydCI7czoxOiIxIjtzOjIxOiJzdWdnZXN0RXhpc3RpbmdWYWx1ZXMiO3M6MToiMSI7czoyNDoic3VnZ2VzdEV4aXN0aW5nVmFsdWVTb3J0IjtzOjU6InZhbHVlIjtzOjEyOiJkZWZhdWx0X3RleHQiO3M6NzoiZ2VuZXJhbCI7czoyMToiY2FuQmVVc2VkSW5TZWFyY2hGb3JtIjtzOjE6IjEiO3M6MTg6ImNhbkJlVXNlZEluRGlzcGxheSI7czoxOiIxIjtzOjEwOiJjYW5NYWtlUERGIjtzOjE6IjAiO3M6MTg6ImNhbk1ha2VQREZGb3JWYWx1ZSI7czoxOiIwIjtzOjE2OiJpc0RlcGVuZGVudFZhbHVlIjtzOjE6IjAiO3M6MTI6Im11c3RCZVVuaXF1ZSI7czoxOiIwIjt9,0,12885.89329506500000000000,17180.85200013100000000000,70
73,,,vhh_CountryOfReference,"",0,YToyOntzOjIxOiJjYW5CZVVzZWRJblNlYXJjaEZvcm0iO3M6MToiMCI7czoxODoiY2FuQmVVc2VkSW5EaXNwbGF5IjtzOjE6IjAiO30=,0,1.00000000000000000000,4294967296.00000000000000000000,73
74,73,55,Country,"",3,YToxNDp7czoxNzoiZG9lc05vdFRha2VMb2NhbGUiO3M6MToiMSI7czoxNToiY2FuQmVVc2VkSW5Tb3J0IjtzOjE6IjAiO3M6MjE6ImNhbkJlVXNlZEluU2VhcmNoRm9ybSI7czoxOiIxIjtzOjE4OiJjYW5CZVVzZWRJbkRpc3BsYXkiO3M6MToiMSI7czoxMDoiY2FuTWFrZVBERiI7czoxOiIwIjtzOjE4OiJjYW5NYWtlUERGRm9yVmFsdWUiO3M6MToiMCI7czo5OiJsaXN0V2lkdGgiO3M6MjoiNDAiO3M6MTA6Imxpc3RIZWlnaHQiO3M6NToiMjAwcHgiO3M6MTI6InJlcXVpcmVWYWx1ZSI7czoxOiIwIjtzOjE0OiJudWxsT3B0aW9uVGV4dCI7czo3OiJOb3Qgc2V0IjtzOjE4OiJ1c2VEZWZhdWx0V2hlbk51bGwiO3M6MToiMCI7czo2OiJyZW5kZXIiO3M6Njoic2VsZWN0IjtzOjExOiJhdXRvX3NocmluayI7czoxOiIwIjtzOjEwOiJtYXhDb2x1bW5zIjtzOjE6IjMiO30=,0,4295.96729500000000000000,8590.93459000000000000000,73
75,73,,Reference,"",1,YToxNjp7czo4OiJtaW5DaGFycyI7czoxOiIwIjtzOjg6Im1heENoYXJzIjtzOjU6IjY1NTM1IjtzOjEwOiJmaWVsZFdpZHRoIjtzOjI6IjI0IjtzOjExOiJmaWVsZEhlaWdodCI7czoxOiIxIjtzOjE2OiJ1c2V3eXNpd3lnZWRpdG9yIjtzOjE6IjAiO3M6MTc6ImRvZXNOb3RUYWtlTG9jYWxlIjtzOjE6IjAiO3M6MTU6ImNhbkJlVXNlZEluU29ydCI7czoxOiIxIjtzOjIxOiJzdWdnZXN0RXhpc3RpbmdWYWx1ZXMiO3M6MToiMSI7czoyNDoic3VnZ2VzdEV4aXN0aW5nVmFsdWVTb3J0IjtzOjU6InZhbHVlIjtzOjEyOiJkZWZhdWx0X3RleHQiO3M6MTA6InByb2R1Y3Rpb24iO3M6MjE6ImNhbkJlVXNlZEluU2VhcmNoRm9ybSI7czoxOiIxIjtzOjE4OiJjYW5CZVVzZWRJbkRpc3BsYXkiO3M6MToiMSI7czoxMDoiY2FuTWFrZVBERiI7czoxOiIwIjtzOjE4OiJjYW5NYWtlUERGRm9yVmFsdWUiO3M6MToiMCI7czoxNjoiaXNEZXBlbmRlbnRWYWx1ZSI7czoxOiIwIjtzOjEyOiJtdXN0QmVVbmlxdWUiO3M6MToiMCI7fQ==,0,12885.89329506500000000000,17180.85200013100000000000,73
76,,,vhh_DateOfReference,"",0,YToyOntzOjIxOiJjYW5CZVVzZWRJblNlYXJjaEZvcm0iO3M6MToiMCI7czoxODoiY2FuQmVVc2VkSW5EaXNwbGF5IjtzOjE6IjAiO30=,0,1.00000000000000000000,4294967296.00000000000000000000,76
77,76,,Value2,"",2,YToxMjp7czoxNzoiZG9lc05vdFRha2VMb2NhbGUiO3M6MToiMSI7czoxNToiY2FuQmVVc2VkSW5Tb3J0IjtzOjE6IjEiO3M6MTM6InVzZURhdGVQaWNrZXIiO3M6MToiMCI7czoyMDoiZGF0ZVBpY2tlckRhdGVGb3JtYXQiO3M6ODoieXktbW0tZGQiO3M6MTQ6Im11c3ROb3RCZUJsYW5rIjtzOjE6IjAiO3M6MTA6ImlzTGlmZXNwYW4iO3M6MToiMCI7czoyMToic3VnZ2VzdEV4aXN0aW5nVmFsdWVzIjtzOjE6IjAiO3M6MjQ6InN1Z2dlc3RFeGlzdGluZ1ZhbHVlU29ydCI7czo1OiJ2YWx1ZSI7czoyMToiY2FuQmVVc2VkSW5TZWFyY2hGb3JtIjtzOjE6IjEiO3M6MTg6ImNhbkJlVXNlZEluRGlzcGxheSI7czoxOiIxIjtzOjEwOiJjYW5NYWtlUERGIjtzOjE6IjAiO3M6MTg6ImNhbk1ha2VQREZGb3JWYWx1ZSI7czoxOiIwIjt9,0,4295.96729500000000000000,8590.93459000000000000000,76
78,76,,Reference2,"",1,YToxNjp7czoxMDoiZmllbGRXaWR0aCI7czoyOiIyNCI7czoxNzoiZG9lc05vdFRha2VMb2NhbGUiO3M6MToiMSI7czoxNToiY2FuQmVVc2VkSW5Tb3J0IjtzOjE6IjEiO3M6MTI6ImRlZmF1bHRfdGV4dCI7czoxMDoicHJvZHVjdGlvbiI7czoyMToic3VnZ2VzdEV4aXN0aW5nVmFsdWVzIjtzOjE6IjEiO3M6MjQ6InN1Z2dlc3RFeGlzdGluZ1ZhbHVlU29ydCI7czo1OiJ2YWx1ZSI7czoyMToiY2FuQmVVc2VkSW5TZWFyY2hGb3JtIjtzOjE6IjEiO3M6MTg6ImNhbkJlVXNlZEluRGlzcGxheSI7czoxOiIxIjtzOjEwOiJjYW5NYWtlUERGIjtzOjE6IjAiO3M6MTg6ImNhbk1ha2VQREZGb3JWYWx1ZSI7czoxOiIwIjtzOjg6Im1pbkNoYXJzIjtzOjE6IjAiO3M6ODoibWF4Q2hhcnMiO3M6NToiNjU1MzUiO3M6MTE6ImZpZWxkSGVpZ2h0IjtzOjE6IjEiO3M6MTY6InVzZXd5c2l3eWdlZGl0b3IiO3M6MToiMCI7czoxNjoiaXNEZXBlbmRlbnRWYWx1ZSI7czoxOiIwIjtzOjEyOiJtdXN0QmVVbmlxdWUiO3M6MToiMCI7fQ==,0,12885.89329506500000000000,17180.85200013100000000000,76
79,,,vhh_DigitalFormatAV,"",0,YTozOntzOjMwOiJsaW5lQnJlYWtBZnRlck51bWJlck9mRWxlbWVudHMiO3M6MToiMyI7czoyMToiY2FuQmVVc2VkSW5TZWFyY2hGb3JtIjtzOjE6IjAiO3M6MTg6ImNhbkJlVXNlZEluRGlzcGxheSI7czoxOiIwIjt9,0,1.00000000000000000000,4294967296.00000000000000000000,79
80,79,58,digi_Container,"",3,YToxNjp7czo5OiJsaXN0V2lkdGgiO3M6MjoiMjAiO3M6MTA6Imxpc3RIZWlnaHQiO3M6NToiMjAwcHgiO3M6MTc6ImRvZXNOb3RUYWtlTG9jYWxlIjtzOjE6IjEiO3M6MTI6InJlcXVpcmVWYWx1ZSI7czoxOiIwIjtzOjE4OiJpbXBsaWNpdE51bGxPcHRpb24iO3M6MToiMCI7czoxNDoibnVsbE9wdGlvblRleHQiO3M6NzoiTm90IHNldCI7czoxODoidXNlRGVmYXVsdFdoZW5OdWxsIjtzOjE6IjAiO3M6MTU6ImNhbkJlVXNlZEluU29ydCI7czoxOiIxIjtzOjY6InJlbmRlciI7czo2OiJzZWxlY3QiO3M6MTE6ImF1dG9fc2hyaW5rIjtzOjE6IjAiO3M6MTA6Im1heENvbHVtbnMiO3M6MToiMyI7czoyMToiY2FuQmVVc2VkSW5TZWFyY2hGb3JtIjtzOjE6IjEiO3M6MTg6ImNhbkJlVXNlZEluRGlzcGxheSI7czoxOiIxIjtzOjEwOiJjYW5NYWtlUERGIjtzOjE6IjAiO3M6MTg6ImNhbk1ha2VQREZGb3JWYWx1ZSI7czoxOiIwIjtzOjE1OiJyZXN0cmljdFRvVHlwZXMiO3M6MToiMiI7fQ==,0,4295.96729500000000000000,8590.93459000000000000000,79
81,79,,digi_Coding,"",1,YToxNTp7czo4OiJtaW5DaGFycyI7czoxOiIwIjtzOjg6Im1heENoYXJzIjtzOjI6IjYwIjtzOjEwOiJmaWVsZFdpZHRoIjtzOjI6IjMwIjtzOjExOiJmaWVsZEhlaWdodCI7czoxOiIxIjtzOjE2OiJ1c2V3eXNpd3lnZWRpdG9yIjtzOjE6IjAiO3M6MTc6ImRvZXNOb3RUYWtlTG9jYWxlIjtzOjE6IjAiO3M6MTU6ImNhbkJlVXNlZEluU29ydCI7czoxOiIxIjtzOjIxOiJzdWdnZXN0RXhpc3RpbmdWYWx1ZXMiO3M6MToiMSI7czoyNDoic3VnZ2VzdEV4aXN0aW5nVmFsdWVTb3J0IjtzOjU6InZhbHVlIjtzOjIxOiJjYW5CZVVzZWRJblNlYXJjaEZvcm0iO3M6MToiMSI7czoxODoiY2FuQmVVc2VkSW5EaXNwbGF5IjtzOjE6IjEiO3M6MTA6ImNhbk1ha2VQREYiO3M6MToiMCI7czoxODoiY2FuTWFrZVBERkZvclZhbHVlIjtzOjE6IjAiO3M6MTY6ImlzRGVwZW5kZW50VmFsdWUiO3M6MToiMCI7czoxMjoibXVzdEJlVW5pcXVlIjtzOjE6IjAiO30=,0,12885.89329506500000000000,17180.85200013100000000000,79
82,79,,digi_CodingAudio,"",1,YToxNTp7czo4OiJtaW5DaGFycyI7czoxOiIwIjtzOjg6Im1heENoYXJzIjtzOjU6IjY1NTM1IjtzOjEwOiJmaWVsZFdpZHRoIjtzOjI6IjMwIjtzOjExOiJmaWVsZEhlaWdodCI7czoxOiIxIjtzOjE2OiJ1c2V3eXNpd3lnZWRpdG9yIjtzOjE6IjAiO3M6MTc6ImRvZXNOb3RUYWtlTG9jYWxlIjtzOjE6IjAiO3M6MTU6ImNhbkJlVXNlZEluU29ydCI7czoxOiIxIjtzOjIxOiJzdWdnZXN0RXhpc3RpbmdWYWx1ZXMiO3M6MToiMSI7czoyNDoic3VnZ2VzdEV4aXN0aW5nVmFsdWVTb3J0IjtzOjU6InZhbHVlIjtzOjIxOiJjYW5CZVVzZWRJblNlYXJjaEZvcm0iO3M6MToiMSI7czoxODoiY2FuQmVVc2VkSW5EaXNwbGF5IjtzOjE6IjEiO3M6MTA6ImNhbk1ha2VQREYiO3M6MToiMCI7czoxODoiY2FuTWFrZVBERkZvclZhbHVlIjtzOjE6IjAiO3M6MTY6ImlzRGVwZW5kZW50VmFsdWUiO3M6MToiMCI7czoxMjoibXVzdEJlVW5pcXVlIjtzOjE6IjAiO30=,0,21475.80211527900000000000,25770.75223042700000000000,79
83,79,70,digi_MIME2,"",3,YToxNzp7czo5OiJsaXN0V2lkdGgiO3M6MjoiMjAiO3M6MTA6Imxpc3RIZWlnaHQiO3M6NToiMjAwcHgiO3M6MTc6ImRvZXNOb3RUYWtlTG9jYWxlIjtzOjE6IjEiO3M6MTI6InJlcXVpcmVWYWx1ZSI7czoxOiIwIjtzOjE4OiJpbXBsaWNpdE51bGxPcHRpb24iO3M6MToiMCI7czoxNDoibnVsbE9wdGlvblRleHQiO3M6NzoiTm90IHNldCI7czoxODoidXNlRGVmYXVsdFdoZW5OdWxsIjtzOjE6IjAiO3M6MTU6ImNhbkJlVXNlZEluU29ydCI7czoxOiIxIjtzOjY6InJlbmRlciI7czo2OiJzZWxlY3QiO3M6MTE6ImF1dG9fc2hyaW5rIjtzOjE6IjAiO3M6MTA6Im1heENvbHVtbnMiO3M6MToiMyI7czoyMToiY2FuQmVVc2VkSW5TZWFyY2hGb3JtIjtzOjE6IjEiO3M6MTg6ImNhbkJlVXNlZEluRGlzcGxheSI7czoxOiIxIjtzOjEwOiJjYW5NYWtlUERGIjtzOjE6IjAiO3M6MTg6ImNhbk1ha2VQREZGb3JWYWx1ZSI7czoxOiIwIjtzOjE2OiJkaXNwbGF5RGVsaW1pdGVyIjtzOjE6IjsiO3M6MTU6InJlc3RyaWN0VG9UeXBlcyI7czoxOiIyIjt9,0,30065.69375567500000000000,34360.63528092300000000000,79
84,,57,vhh_CarrierTypeAV,"",3,YToyOntzOjY6InJlbmRlciI7czo2OiJzZWxlY3QiO3M6MTU6InJlc3RyaWN0VG9UeXBlcyI7czoxOiIyIjt9,0,1.00000000000000000000,4294967296.00000000000000000000,84
85,,61,vhh_Gauge,"",3,YTozOntzOjk6Imxpc3RXaWR0aCI7czoyOiIyMCI7czo2OiJyZW5kZXIiO3M6Njoic2VsZWN0IjtzOjE1OiJyZXN0cmljdFRvVHlwZXMiO3M6MToiMiI7fQ==,0,1.00000000000000000000,4294967296.00000000000000000000,85
86,,56,vhh_AspectRatio,"",3,YTozOntzOjk6Imxpc3RXaWR0aCI7czoyOiIyMCI7czo2OiJyZW5kZXIiO3M6Njoic2VsZWN0IjtzOjE1OiJyZXN0cmljdFRvVHlwZXMiO3M6MToiMiI7fQ==,0,1.00000000000000000000,4294967296.00000000000000000000,86
87,,,vhh_Sound,"",0,YToyOntzOjIxOiJjYW5CZVVzZWRJblNlYXJjaEZvcm0iO3M6MToiMCI7czoxODoiY2FuQmVVc2VkSW5EaXNwbGF5IjtzOjE6IjAiO30=,0,1.00000000000000000000,4294967296.00000000000000000000,87
88,87,,snd_SystemName,"",1,YToxNTp7czo4OiJtaW5DaGFycyI7czoxOiIwIjtzOjg6Im1heENoYXJzIjtzOjU6IjY1NTM1IjtzOjEwOiJmaWVsZFdpZHRoIjtzOjI6IjQwIjtzOjExOiJmaWVsZEhlaWdodCI7czoxOiIxIjtzOjE2OiJ1c2V3eXNpd3lnZWRpdG9yIjtzOjE6IjAiO3M6MTc6ImRvZXNOb3RUYWtlTG9jYWxlIjtzOjE6IjAiO3M6MTU6ImNhbkJlVXNlZEluU29ydCI7czoxOiIxIjtzOjIxOiJzdWdnZXN0RXhpc3RpbmdWYWx1ZXMiO3M6MToiMSI7czoyNDoic3VnZ2VzdEV4aXN0aW5nVmFsdWVTb3J0IjtzOjU6InZhbHVlIjtzOjIxOiJjYW5CZVVzZWRJblNlYXJjaEZvcm0iO3M6MToiMSI7czoxODoiY2FuQmVVc2VkSW5EaXNwbGF5IjtzOjE6IjEiO3M6MTA6ImNhbk1ha2VQREYiO3M6MToiMCI7czoxODoiY2FuTWFrZVBERkZvclZhbHVlIjtzOjE6IjAiO3M6MTY6ImlzRGVwZW5kZW50VmFsdWUiO3M6MToiMCI7czoxMjoibXVzdEJlVW5pcXVlIjtzOjE6IjAiO30=,0,4295.96729500000000000000,8590.93459000000000000000,87
89,87,64,snd_HasSound,"",3,YToxNjp7czo5OiJsaXN0V2lkdGgiO3M6MjoiMTAiO3M6MTA6Imxpc3RIZWlnaHQiO3M6NToiMjAwcHgiO3M6MTc6ImRvZXNOb3RUYWtlTG9jYWxlIjtzOjE6IjEiO3M6MTI6InJlcXVpcmVWYWx1ZSI7czoxOiIwIjtzOjE4OiJpbXBsaWNpdE51bGxPcHRpb24iO3M6MToiMCI7czoxNDoibnVsbE9wdGlvblRleHQiO3M6NzoiTm90IHNldCI7czoxODoidXNlRGVmYXVsdFdoZW5OdWxsIjtzOjE6IjAiO3M6MTU6ImNhbkJlVXNlZEluU29ydCI7czoxOiIxIjtzOjY6InJlbmRlciI7czoxNzoieWVzX25vX2NoZWNrYm94ZXMiO3M6MTE6ImF1dG9fc2hyaW5rIjtzOjE6IjAiO3M6MTA6Im1heENvbHVtbnMiO3M6MToiMyI7czoyMToiY2FuQmVVc2VkSW5TZWFyY2hGb3JtIjtzOjE6IjEiO3M6MTg6ImNhbkJlVXNlZEluRGlzcGxheSI7czoxOiIxIjtzOjEwOiJjYW5NYWtlUERGIjtzOjE6IjAiO3M6MTg6ImNhbk1ha2VQREZGb3JWYWx1ZSI7czoxOiIwIjtzOjE1OiJyZXN0cmljdFRvVHlwZXMiO3M6MToiMiI7fQ==,0,12885.89329506500000000000,17180.85200013100000000000,87
90,87,65,snd_RecordSystem,"",3,YToxNjp7czoxNzoiZG9lc05vdFRha2VMb2NhbGUiO3M6MToiMCI7czoyMToiY2FuQmVVc2VkSW5TZWFyY2hGb3JtIjtzOjE6IjAiO3M6MTg6ImNhbkJlVXNlZEluRGlzcGxheSI7czoxOiIwIjtzOjEwOiJjYW5NYWtlUERGIjtzOjE6IjAiO3M6MTg6ImNhbk1ha2VQREZGb3JWYWx1ZSI7czoxOiIwIjtzOjk6Imxpc3RXaWR0aCI7czoyOiIxMCI7czoxMDoibGlzdEhlaWdodCI7czo1OiIyMDBweCI7czoxMjoicmVxdWlyZVZhbHVlIjtzOjE6IjAiO3M6MTg6ImltcGxpY2l0TnVsbE9wdGlvbiI7czoxOiIwIjtzOjE0OiJudWxsT3B0aW9uVGV4dCI7czo3OiJOb3Qgc2V0IjtzOjE4OiJ1c2VEZWZhdWx0V2hlbk51bGwiO3M6MToiMCI7czoxNToiY2FuQmVVc2VkSW5Tb3J0IjtzOjE6IjEiO3M6NjoicmVuZGVyIjtzOjE3OiJ5ZXNfbm9fY2hlY2tib3hlcyI7czoxMToiYXV0b19zaHJpbmsiO3M6MToiMCI7czoxMDoibWF4Q29sdW1ucyI7czoxOiIzIjtzOjE1OiJyZXN0cmljdFRvVHlwZXMiO3M6MToiMiI7fQ==,0,21475.80211527900000000000,25770.75223042700000000000,87
91,87,65,snd_Method,"",3,YToxNzp7czo5OiJsaXN0V2lkdGgiO3M6MjoiNDAiO3M6MTA6Imxpc3RIZWlnaHQiO3M6NToiMjAwcHgiO3M6MTc6ImRvZXNOb3RUYWtlTG9jYWxlIjtzOjE6IjEiO3M6MTI6InJlcXVpcmVWYWx1ZSI7czoxOiIwIjtzOjE4OiJpbXBsaWNpdE51bGxPcHRpb24iO3M6MToiMCI7czoxNDoibnVsbE9wdGlvblRleHQiO3M6NzoiTm90IHNldCI7czoxODoidXNlRGVmYXVsdFdoZW5OdWxsIjtzOjE6IjAiO3M6MTU6ImNhbkJlVXNlZEluU29ydCI7czoxOiIxIjtzOjY6InJlbmRlciI7czo2OiJzZWxlY3QiO3M6MTE6ImF1dG9fc2hyaW5rIjtzOjE6IjAiO3M6MTA6Im1heENvbHVtbnMiO3M6MToiMyI7czoyMToiY2FuQmVVc2VkSW5TZWFyY2hGb3JtIjtzOjE6IjEiO3M6MTg6ImNhbkJlVXNlZEluRGlzcGxheSI7czoxOiIxIjtzOjEwOiJjYW5NYWtlUERGIjtzOjE6IjAiO3M6MTg6ImNhbk1ha2VQREZGb3JWYWx1ZSI7czoxOiIwIjtzOjE2OiJkaXNwbGF5RGVsaW1pdGVyIjtzOjE6IjsiO3M6MTU6InJlc3RyaWN0VG9UeXBlcyI7czoxOiIyIjt9,0,30065.69375567500000000000,34360.63528092300000000000,87
92,,,vhh_ColourAV,"",0,YToyOntzOjIxOiJjYW5CZVVzZWRJblNlYXJjaEZvcm0iO3M6MToiMCI7czoxODoiY2FuQmVVc2VkSW5EaXNwbGF5IjtzOjE6IjAiO30=,0,1.00000000000000000000,4294967296.00000000000000000000,92
93,92,59,col_ColourSystem,"",3,YToxNjp7czo5OiJsaXN0V2lkdGgiO3M6MjoiNDAiO3M6MTA6Imxpc3RIZWlnaHQiO3M6NToiMjAwcHgiO3M6MTc6ImRvZXNOb3RUYWtlTG9jYWxlIjtzOjE6IjEiO3M6MTI6InJlcXVpcmVWYWx1ZSI7czoxOiIwIjtzOjE4OiJpbXBsaWNpdE51bGxPcHRpb24iO3M6MToiMCI7czoxNDoibnVsbE9wdGlvblRleHQiO3M6NzoiTm90IHNldCI7czoxODoidXNlRGVmYXVsdFdoZW5OdWxsIjtzOjE6IjAiO3M6MTU6ImNhbkJlVXNlZEluU29ydCI7czoxOiIxIjtzOjY6InJlbmRlciI7czo2OiJzZWxlY3QiO3M6MTE6ImF1dG9fc2hyaW5rIjtzOjE6IjAiO3M6MTA6Im1heENvbHVtbnMiO3M6MToiMyI7czoyMToiY2FuQmVVc2VkSW5TZWFyY2hGb3JtIjtzOjE6IjEiO3M6MTg6ImNhbkJlVXNlZEluRGlzcGxheSI7czoxOiIxIjtzOjEwOiJjYW5NYWtlUERGIjtzOjE6IjAiO3M6MTg6ImNhbk1ha2VQREZGb3JWYWx1ZSI7czoxOiIwIjtzOjE1OiJyZXN0cmljdFRvVHlwZXMiO3M6MToiMiI7fQ==,0,4295.96729500000000000000,8590.93459000000000000000,92
94,92,65,col_HasColor,"",3,YToxNjp7czo5OiJsaXN0V2lkdGgiO3M6MjoiMTAiO3M6MTA6Imxpc3RIZWlnaHQiO3M6NToiMjAwcHgiO3M6MTc6ImRvZXNOb3RUYWtlTG9jYWxlIjtzOjE6IjEiO3M6MTI6InJlcXVpcmVWYWx1ZSI7czoxOiIwIjtzOjE4OiJpbXBsaWNpdE51bGxPcHRpb24iO3M6MToiMCI7czoxNDoibnVsbE9wdGlvblRleHQiO3M6NzoiTm90IHNldCI7czoxODoidXNlRGVmYXVsdFdoZW5OdWxsIjtzOjE6IjAiO3M6MTU6ImNhbkJlVXNlZEluU29ydCI7czoxOiIxIjtzOjY6InJlbmRlciI7czoxNzoieWVzX25vX2NoZWNrYm94ZXMiO3M6MTE6ImF1dG9fc2hyaW5rIjtzOjE6IjAiO3M6MTA6Im1heENvbHVtbnMiO3M6MToiMyI7czoyMToiY2FuQmVVc2VkSW5TZWFyY2hGb3JtIjtzOjE6IjEiO3M6MTg6ImNhbkJlVXNlZEluRGlzcGxheSI7czoxOiIxIjtzOjEwOiJjYW5NYWtlUERGIjtzOjE6IjAiO3M6MTg6ImNhbk1ha2VQREZGb3JWYWx1ZSI7czoxOiIwIjtzOjE1OiJyZXN0cmljdFRvVHlwZXMiO3M6MToiMiI7fQ==,0,12885.89329506500000000000,17180.85200013100000000000,92
95,92,58,col_Chromatism,"",3,YToxNjp7czoxNzoiZG9lc05vdFRha2VMb2NhbGUiO3M6MToiMCI7czoyMToiY2FuQmVVc2VkSW5TZWFyY2hGb3JtIjtzOjE6IjAiO3M6MTg6ImNhbkJlVXNlZEluRGlzcGxheSI7czoxOiIwIjtzOjEwOiJjYW5NYWtlUERGIjtzOjE6IjAiO3M6MTg6ImNhbk1ha2VQREZGb3JWYWx1ZSI7czoxOiIwIjtzOjk6Imxpc3RXaWR0aCI7czoyOiIyMCI7czoxMDoibGlzdEhlaWdodCI7czo1OiIyMDBweCI7czoxMjoicmVxdWlyZVZhbHVlIjtzOjE6IjAiO3M6MTg6ImltcGxpY2l0TnVsbE9wdGlvbiI7czoxOiIwIjtzOjE0OiJudWxsT3B0aW9uVGV4dCI7czo3OiJOb3Qgc2V0IjtzOjE4OiJ1c2VEZWZhdWx0V2hlbk51bGwiO3M6MToiMCI7czoxNToiY2FuQmVVc2VkSW5Tb3J0IjtzOjE6IjEiO3M6NjoicmVuZGVyIjtzOjY6InNlbGVjdCI7czoxMToiYXV0b19zaHJpbmsiO3M6MToiMCI7czoxMDoibWF4Q29sdW1ucyI7czoxOiIzIjtzOjE1OiJyZXN0cmljdFRvVHlwZXMiO3M6MToiMiI7fQ==,0,21475.80211527900000000000,25770.75223042700000000000,92
96,,72,vhh_RightsStatus,"",3,YTozOntzOjk6Imxpc3RXaWR0aCI7czoyOiI2MCI7czo2OiJyZW5kZXIiO3M6Njoic2VsZWN0IjtzOjE1OiJyZXN0cmljdFRvVHlwZXMiO3M6MToiMiI7fQ==,0,1.00000000000000000000,4294967296.00000000000000000000,96
97,,,vhh_Provenance,"",0,YToyOntzOjE3OiJkb2VzTm90VGFrZUxvY2FsZSI7czoxOiIxIjtzOjMwOiJsaW5lQnJlYWtBZnRlck51bWJlck9mRWxlbWVudHMiO3M6MToiMSI7fQ==,0,1.00000000000000000000,4294967296.00000000000000000000,97
98,97,,prov_Remarks,"",1,YToxNTp7czo4OiJtaW5DaGFycyI7czoyOiIxMCI7czo4OiJtYXhDaGFycyI7czo1OiI2NTUzNSI7czoxMDoiZmllbGRXaWR0aCI7czozOiIxMTAiO3M6MTE6ImZpZWxkSGVpZ2h0IjtzOjE6IjQiO3M6MTY6InVzZXd5c2l3eWdlZGl0b3IiO3M6MToiMCI7czoxNzoiZG9lc05vdFRha2VMb2NhbGUiO3M6MToiMCI7czoxNToiY2FuQmVVc2VkSW5Tb3J0IjtzOjE6IjEiO3M6MjE6InN1Z2dlc3RFeGlzdGluZ1ZhbHVlcyI7czoxOiIwIjtzOjI0OiJzdWdnZXN0RXhpc3RpbmdWYWx1ZVNvcnQiO3M6NToidmFsdWUiO3M6MjE6ImNhbkJlVXNlZEluU2VhcmNoRm9ybSI7czoxOiIxIjtzOjE4OiJjYW5CZVVzZWRJbkRpc3BsYXkiO3M6MToiMSI7czoxMDoiY2FuTWFrZVBERiI7czoxOiIwIjtzOjE4OiJjYW5NYWtlUERGRm9yVmFsdWUiO3M6MToiMCI7czoxNjoiaXNEZXBlbmRlbnRWYWx1ZSI7czoxOiIwIjtzOjEyOiJtdXN0QmVVbmlxdWUiO3M6MToiMCI7fQ==,0,4295.96729500000000000000,8590.93459000000000000000,97
99,97,,prov_Date,"",2,YToxMzp7czoxMDoiZmllbGRXaWR0aCI7czoyOiIyMCI7czoxNzoiZG9lc05vdFRha2VMb2NhbGUiO3M6MToiMSI7czoxNToiY2FuQmVVc2VkSW5Tb3J0IjtzOjE6IjEiO3M6MTM6InVzZURhdGVQaWNrZXIiO3M6MToiMCI7czoyMDoiZGF0ZVBpY2tlckRhdGVGb3JtYXQiO3M6ODoieXktbW0tZGQiO3M6MTQ6Im11c3ROb3RCZUJsYW5rIjtzOjE6IjAiO3M6MTA6ImlzTGlmZXNwYW4iO3M6MToiMCI7czoyMToic3VnZ2VzdEV4aXN0aW5nVmFsdWVzIjtzOjE6IjAiO3M6MjQ6InN1Z2dlc3RFeGlzdGluZ1ZhbHVlU29ydCI7czo1OiJ2YWx1ZSI7czoyMToiY2FuQmVVc2VkSW5TZWFyY2hGb3JtIjtzOjE6IjEiO3M6MTg6ImNhbkJlVXNlZEluRGlzcGxheSI7czoxOiIxIjtzOjEwOiJjYW5NYWtlUERGIjtzOjE6IjAiO3M6MTg6ImNhbk1ha2VQREZGb3JWYWx1ZSI7czoxOiIwIjt9,0,12885.89329506500000000000,17180.85200013100000000000,97
100,,45,vhh_Language2,"",3,YToyOntzOjY6InJlbmRlciI7czo2OiJzZWxlY3QiO3M6MTU6InJlc3RyaWN0VG9UeXBlcyI7czoxOiIyIjt9,0,1.00000000000000000000,4294967296.00000000000000000000,100
101,,,vhh_Date,"",0,YToyOntzOjIxOiJjYW5CZVVzZWRJblNlYXJjaEZvcm0iO3M6MToiMCI7czoxODoiY2FuQmVVc2VkSW5EaXNwbGF5IjtzOjE6IjAiO30=,0,1.00000000000000000000,4294967296.00000000000000000000,101
102,101,,date_Date,"",2,YToxMjp7czoxNzoiZG9lc05vdFRha2VMb2NhbGUiO3M6MToiMSI7czoxNToiY2FuQmVVc2VkSW5Tb3J0IjtzOjE6IjEiO3M6MTM6InVzZURhdGVQaWNrZXIiO3M6MToiMSI7czoyMDoiZGF0ZVBpY2tlckRhdGVGb3JtYXQiO3M6ODoieXktbW0tZGQiO3M6MTQ6Im11c3ROb3RCZUJsYW5rIjtzOjE6IjAiO3M6MTA6ImlzTGlmZXNwYW4iO3M6MToiMCI7czoyMToic3VnZ2VzdEV4aXN0aW5nVmFsdWVzIjtzOjE6IjAiO3M6MjQ6InN1Z2dlc3RFeGlzdGluZ1ZhbHVlU29ydCI7czo1OiJ2YWx1ZSI7czoyMToiY2FuQmVVc2VkSW5TZWFyY2hGb3JtIjtzOjE6IjEiO3M6MTg6ImNhbkJlVXNlZEluRGlzcGxheSI7czoxOiIxIjtzOjEwOiJjYW5NYWtlUERGIjtzOjE6IjAiO3M6MTg6ImNhbk1ha2VQREZGb3JWYWx1ZSI7czoxOiIwIjt9,0,4295.96729500000000000000,8590.93459000000000000000,101
103,101,50,date_Type,"",3,YToxNjp7czo5OiJsaXN0V2lkdGgiO3M6MjoiMjAiO3M6MTA6Imxpc3RIZWlnaHQiO3M6NToiMjAwcHgiO3M6MTc6ImRvZXNOb3RUYWtlTG9jYWxlIjtzOjE6IjEiO3M6MTI6InJlcXVpcmVWYWx1ZSI7czoxOiIwIjtzOjE4OiJpbXBsaWNpdE51bGxPcHRpb24iO3M6MToiMCI7czoxNDoibnVsbE9wdGlvblRleHQiO3M6NzoiTm90IHNldCI7czoxODoidXNlRGVmYXVsdFdoZW5OdWxsIjtzOjE6IjAiO3M6MTU6ImNhbkJlVXNlZEluU29ydCI7czoxOiIxIjtzOjY6InJlbmRlciI7czo2OiJzZWxlY3QiO3M6MTE6ImF1dG9fc2hyaW5rIjtzOjE6IjAiO3M6MTA6Im1heENvbHVtbnMiO3M6MToiMyI7czoyMToiY2FuQmVVc2VkSW5TZWFyY2hGb3JtIjtzOjE6IjEiO3M6MTg6ImNhbkJlVXNlZEluRGlzcGxheSI7czoxOiIxIjtzOjEwOiJjYW5NYWtlUERGIjtzOjE6IjAiO3M6MTg6ImNhbk1ha2VQREZGb3JWYWx1ZSI7czoxOiIwIjtzOjE1OiJyZXN0cmljdFRvVHlwZXMiO3M6MToiMiI7fQ==,0,12885.89329506500000000000,17180.85200013100000000000,101
104,,,vhh_DigitalFormat,"",0,Tjs=,0,1.00000000000000000000,4294967296.00000000000000000000,104
105,104,70,digi_MIME,"",3,YToxNjp7czo5OiJsaXN0V2lkdGgiO3M6MjoiMjAiO3M6MTA6Imxpc3RIZWlnaHQiO3M6NDoiMjBweCI7czoxNzoiZG9lc05vdFRha2VMb2NhbGUiO3M6MToiMSI7czoxMjoicmVxdWlyZVZhbHVlIjtzOjE6IjAiO3M6MTg6ImltcGxpY2l0TnVsbE9wdGlvbiI7czoxOiIwIjtzOjE0OiJudWxsT3B0aW9uVGV4dCI7czo3OiJOb3Qgc2V0IjtzOjE4OiJ1c2VEZWZhdWx0V2hlbk51bGwiO3M6MToiMCI7czoxNToiY2FuQmVVc2VkSW5Tb3J0IjtzOjE6IjEiO3M6NjoicmVuZGVyIjtzOjY6Imxvb2t1cCI7czoxMToiYXV0b19zaHJpbmsiO3M6MToiMCI7czoxMDoibWF4Q29sdW1ucyI7czoxOiIzIjtzOjIxOiJjYW5CZVVzZWRJblNlYXJjaEZvcm0iO3M6MToiMSI7czoxODoiY2FuQmVVc2VkSW5EaXNwbGF5IjtzOjE6IjEiO3M6MTA6ImNhbk1ha2VQREYiO3M6MToiMCI7czoxODoiY2FuTWFrZVBERkZvclZhbHVlIjtzOjE6IjAiO3M6MTU6InJlc3RyaWN0VG9UeXBlcyI7czoxOiIyIjt9,0,4295.96729500000000000000,8590.93459000000000000000,104
106,104,,digi_Size,"",11,YToxNTp7czo4OiJtaW5DaGFycyI7czoxOiIwIjtzOjg6Im1heENoYXJzIjtzOjU6IjY1NTM1IjtzOjg6Im1pblZhbHVlIjtzOjE6IjAiO3M6ODoibWF4VmFsdWUiO3M6NToiNjU1MzUiO3M6MTA6ImZpZWxkV2lkdGgiO3M6MjoiNDAiO3M6MTE6ImZpZWxkSGVpZ2h0IjtzOjE6IjEiO3M6MTc6ImRvZXNOb3RUYWtlTG9jYWxlIjtzOjE6IjAiO3M6MTU6ImNhbkJlVXNlZEluU29ydCI7czoxOiIxIjtzOjE0OiJtdXN0Tm90QmVCbGFuayI7czoxOiIwIjtzOjEyOiJtdXN0QmVVbmlxdWUiO3M6MToiMCI7czoyMToiY2FuQmVVc2VkSW5TZWFyY2hGb3JtIjtzOjE6IjEiO3M6MTg6ImNhbkJlVXNlZEluRGlzcGxheSI7czoxOiIxIjtzOjEwOiJjYW5NYWtlUERGIjtzOjE6IjAiO3M6MTg6ImNhbk1ha2VQREZGb3JWYWx1ZSI7czoxOiIwIjtzOjE2OiJkaXNwbGF5RGVsaW1pdGVyIjtzOjE6IjsiO30=,0,12885.89329506500000000000,17180.85200013100000000000,104
107,,,vhh_ResolutionPixel,"",0,YToyOntzOjIxOiJjYW5CZVVzZWRJblNlYXJjaEZvcm0iO3M6MToiMCI7czoxODoiY2FuQmVVc2VkSW5EaXNwbGF5IjtzOjE6IjAiO30=,0,1.00000000000000000000,4294967296.00000000000000000000,107
108,107,,res_width,"",11,YToxNDp7czoxNzoiZG9lc05vdFRha2VMb2NhbGUiO3M6MToiMCI7czoyMToiY2FuQmVVc2VkSW5TZWFyY2hGb3JtIjtzOjE6IjAiO3M6MTg6ImNhbkJlVXNlZEluRGlzcGxheSI7czoxOiIwIjtzOjEwOiJjYW5NYWtlUERGIjtzOjE6IjAiO3M6MTg6ImNhbk1ha2VQREZGb3JWYWx1ZSI7czoxOiIwIjtzOjg6Im1pbkNoYXJzIjtzOjE6IjAiO3M6ODoibWF4Q2hhcnMiO3M6NToiNjU1MzUiO3M6ODoibWluVmFsdWUiO3M6MToiMCI7czo4OiJtYXhWYWx1ZSI7czo1OiI2NTUzNSI7czoxMDoiZmllbGRXaWR0aCI7czoyOiIyMCI7czoxMToiZmllbGRIZWlnaHQiO3M6MToiMSI7czoxNToiY2FuQmVVc2VkSW5Tb3J0IjtzOjE6IjEiO3M6MTQ6Im11c3ROb3RCZUJsYW5rIjtzOjE6IjAiO3M6MTI6Im11c3RCZVVuaXF1ZSI7czoxOiIwIjt9,0,4295.96729500000000000000,8590.93459000000000000000,107
109,107,,res_height,"",11,YToxNDp7czo4OiJtaW5DaGFycyI7czoxOiIwIjtzOjg6Im1heENoYXJzIjtzOjU6IjY1NTM1IjtzOjg6Im1pblZhbHVlIjtzOjE6IjAiO3M6ODoibWF4VmFsdWUiO3M6NToiNjU1MzUiO3M6MTA6ImZpZWxkV2lkdGgiO3M6MjoiMjAiO3M6MTE6ImZpZWxkSGVpZ2h0IjtzOjE6IjEiO3M6MTc6ImRvZXNOb3RUYWtlTG9jYWxlIjtzOjE6IjAiO3M6MTU6ImNhbkJlVXNlZEluU29ydCI7czoxOiIxIjtzOjE0OiJtdXN0Tm90QmVCbGFuayI7czoxOiIwIjtzOjEyOiJtdXN0QmVVbmlxdWUiO3M6MToiMCI7czoyMToiY2FuQmVVc2VkSW5TZWFyY2hGb3JtIjtzOjE6IjEiO3M6MTg6ImNhbkJlVXNlZEluRGlzcGxheSI7czoxOiIxIjtzOjEwOiJjYW5NYWtlUERGIjtzOjE6IjAiO3M6MTg6ImNhbk1ha2VQREZGb3JWYWx1ZSI7czoxOiIwIjt9,0,12885.89329506500000000000,17180.85200013100000000000,107
110,,,vhh_Extent,"",0,YToyOntzOjIxOiJjYW5CZVVzZWRJblNlYXJjaEZvcm0iO3M6MToiMCI7czoxODoiY2FuQmVVc2VkSW5EaXNwbGF5IjtzOjE6IjAiO30=,0,1.00000000000000000000,4294967296.00000000000000000000,110
111,110,,ext_Value,"",12,YToxMTp7czo4OiJtaW5DaGFycyI7czoxOiIwIjtzOjg6Im1heENoYXJzIjtzOjI6IjEwIjtzOjEwOiJmaWVsZFdpZHRoIjtzOjI6IjEwIjtzOjExOiJmaWVsZEhlaWdodCI7czoxOiIxIjtzOjE3OiJkb2VzTm90VGFrZUxvY2FsZSI7czoxOiIwIjtzOjE1OiJjYW5CZVVzZWRJblNvcnQiO3M6MToiMSI7czoxNDoibXVzdE5vdEJlQmxhbmsiO3M6MToiMCI7czoyMToiY2FuQmVVc2VkSW5TZWFyY2hGb3JtIjtzOjE6IjEiO3M6MTg6ImNhbkJlVXNlZEluRGlzcGxheSI7czoxOiIxIjtzOjEwOiJjYW5NYWtlUERGIjtzOjE6IjAiO3M6MTg6ImNhbk1ha2VQREZGb3JWYWx1ZSI7czoxOiIwIjt9,0,4295.96729500000000000000,8590.93459000000000000000,110
112,110,71,ext_Unit,"",3,YToxNjp7czo5OiJsaXN0V2lkdGgiO3M6MjoiMzAiO3M6MTA6Imxpc3RIZWlnaHQiO3M6NToiMjAwcHgiO3M6MTc6ImRvZXNOb3RUYWtlTG9jYWxlIjtzOjE6IjEiO3M6MTI6InJlcXVpcmVWYWx1ZSI7czoxOiIwIjtzOjE4OiJpbXBsaWNpdE51bGxPcHRpb24iO3M6MToiMCI7czoxNDoibnVsbE9wdGlvblRleHQiO3M6NzoiTm90IHNldCI7czoxODoidXNlRGVmYXVsdFdoZW5OdWxsIjtzOjE6IjAiO3M6MTU6ImNhbkJlVXNlZEluU29ydCI7czoxOiIxIjtzOjY6InJlbmRlciI7czo2OiJzZWxlY3QiO3M6MTE6ImF1dG9fc2hyaW5rIjtzOjE6IjAiO3M6MTA6Im1heENvbHVtbnMiO3M6MToiMyI7czoyMToiY2FuQmVVc2VkSW5TZWFyY2hGb3JtIjtzOjE6IjEiO3M6MTg6ImNhbkJlVXNlZEluRGlzcGxheSI7czoxOiIxIjtzOjEwOiJjYW5NYWtlUERGIjtzOjE6IjAiO3M6MTg6ImNhbk1ha2VQREZGb3JWYWx1ZSI7czoxOiIwIjtzOjE1OiJyZXN0cmljdFRvVHlwZXMiO3M6MToiMiI7fQ==,0,12885.89329506500000000000,17180.85200013100000000000,110
113,110,,ext_Ref,"",1,YToxNjp7czo4OiJtaW5DaGFycyI7czoxOiIwIjtzOjg6Im1heENoYXJzIjtzOjU6IjY1NTM1IjtzOjEwOiJmaWVsZFdpZHRoIjtzOjI6IjQwIjtzOjExOiJmaWVsZEhlaWdodCI7czoxOiIxIjtzOjE2OiJ1c2V3eXNpd3lnZWRpdG9yIjtzOjE6IjAiO3M6MTc6ImRvZXNOb3RUYWtlTG9jYWxlIjtzOjE6IjAiO3M6MTU6ImNhbkJlVXNlZEluU29ydCI7czoxOiIxIjtzOjIxOiJzdWdnZXN0RXhpc3RpbmdWYWx1ZXMiO3M6MToiMSI7czoyNDoic3VnZ2VzdEV4aXN0aW5nVmFsdWVTb3J0IjtzOjU6InZhbHVlIjtzOjIxOiJjYW5CZVVzZWRJblNlYXJjaEZvcm0iO3M6MToiMSI7czoxODoiY2FuQmVVc2VkSW5EaXNwbGF5IjtzOjE6IjEiO3M6MTA6ImNhbk1ha2VQREYiO3M6MToiMCI7czoxODoiY2FuTWFrZVBERkZvclZhbHVlIjtzOjE6IjAiO3M6MTY6ImRpc3BsYXlEZWxpbWl0ZXIiO3M6MToiOyI7czoxNjoiaXNEZXBlbmRlbnRWYWx1ZSI7czoxOiIwIjtzOjEyOiJtdXN0QmVVbmlxdWUiO3M6MToiMCI7fQ==,0,21475.80211527900000000000,25770.75223042700000000000,110
114,,60,vhh_FrameRate,"",3,YTo0OntzOjE3OiJkb2VzTm90VGFrZUxvY2FsZSI7czoxOiIwIjtzOjk6Imxpc3RXaWR0aCI7czoyOiIyMCI7czo2OiJyZW5kZXIiO3M6Njoic2VsZWN0IjtzOjE1OiJyZXN0cmljdFRvVHlwZXMiO3M6MToiMiI7fQ==,0,1.00000000000000000000,4294967296.00000000000000000000,114
115,,,vhh_ControllingEntity,"",0,YTozOntzOjMwOiJsaW5lQnJlYWtBZnRlck51bWJlck9mRWxlbWVudHMiO3M6MToiMyI7czoyMToiY2FuQmVVc2VkSW5TZWFyY2hGb3JtIjtzOjE6IjAiO3M6MTg6ImNhbkJlVXNlZEluRGlzcGxheSI7czoxOiIwIjt9,0,1.00000000000000000000,4294967296.00000000000000000000,115
116,115,73,CE_Type,"",3,YToxNjp7czo5OiJsaXN0V2lkdGgiO3M6MjoiMzAiO3M6MTA6Imxpc3RIZWlnaHQiO3M6NToiMjAwcHgiO3M6MTc6ImRvZXNOb3RUYWtlTG9jYWxlIjtzOjE6IjEiO3M6MTI6InJlcXVpcmVWYWx1ZSI7czoxOiIwIjtzOjE4OiJpbXBsaWNpdE51bGxPcHRpb24iO3M6MToiMCI7czoxNDoibnVsbE9wdGlvblRleHQiO3M6NzoiTm90IHNldCI7czoxODoidXNlRGVmYXVsdFdoZW5OdWxsIjtzOjE6IjAiO3M6MTU6ImNhbkJlVXNlZEluU29ydCI7czoxOiIxIjtzOjY6InJlbmRlciI7czo2OiJzZWxlY3QiO3M6MTE6ImF1dG9fc2hyaW5rIjtzOjE6IjAiO3M6MTA6Im1heENvbHVtbnMiO3M6MToiMyI7czoyMToiY2FuQmVVc2VkSW5TZWFyY2hGb3JtIjtzOjE6IjEiO3M6MTg6ImNhbkJlVXNlZEluRGlzcGxheSI7czoxOiIxIjtzOjEwOiJjYW5NYWtlUERGIjtzOjE6IjAiO3M6MTg6ImNhbk1ha2VQREZGb3JWYWx1ZSI7czoxOiIwIjtzOjE1OiJyZXN0cmljdFRvVHlwZXMiO3M6MToiMiI7fQ==,0,4295.96729500000000000000,8590.93459000000000000000,115
117,115,,CE_TemporalScope,"",2,YToxMzp7czoxMDoiZmllbGRXaWR0aCI7czoyOiIyNCI7czoxNzoiZG9lc05vdFRha2VMb2NhbGUiO3M6MToiMSI7czoxNToiY2FuQmVVc2VkSW5Tb3J0IjtzOjE6IjEiO3M6MTM6InVzZURhdGVQaWNrZXIiO3M6MToiMCI7czoyMDoiZGF0ZVBpY2tlckRhdGVGb3JtYXQiO3M6ODoieXktbW0tZGQiO3M6MTQ6Im11c3ROb3RCZUJsYW5rIjtzOjE6IjEiO3M6MTA6ImlzTGlmZXNwYW4iO3M6MToiMCI7czoyMToic3VnZ2VzdEV4aXN0aW5nVmFsdWVzIjtzOjE6IjAiO3M6MjQ6InN1Z2dlc3RFeGlzdGluZ1ZhbHVlU29ydCI7czo1OiJ2YWx1ZSI7czoyMToiY2FuQmVVc2VkSW5TZWFyY2hGb3JtIjtzOjE6IjEiO3M6MTg6ImNhbkJlVXNlZEluRGlzcGxheSI7czoxOiIxIjtzOjEwOiJjYW5NYWtlUERGIjtzOjE6IjAiO3M6MTg6ImNhbk1ha2VQREZGb3JWYWx1ZSI7czoxOiIwIjt9,0,12885.89329506500000000000,17180.85200013100000000000,115
118,115,,container1,"",0,YTo2OntzOjE3OiJkb2VzTm90VGFrZUxvY2FsZSI7czoxOiIwIjtzOjMwOiJsaW5lQnJlYWtBZnRlck51bWJlck9mRWxlbWVudHMiO3M6MToiMCI7czoyMToiY2FuQmVVc2VkSW5TZWFyY2hGb3JtIjtzOjE6IjAiO3M6MTg6ImNhbkJlVXNlZEluRGlzcGxheSI7czoxOiIwIjtzOjEwOiJjYW5NYWtlUERGIjtzOjE6IjAiO3M6MTg6ImNhbk1ha2VQREZGb3JWYWx1ZSI7czoxOiIwIjt9,0,21475.80211527900000000000,25770.75223042700000000000,115
119,118,,CE_Remarks,"",1,YToxNTp7czo4OiJtaW5DaGFycyI7czoxOiIwIjtzOjg6Im1heENoYXJzIjtzOjU6IjY1NTM1IjtzOjEwOiJmaWVsZFdpZHRoIjtzOjM6IjExMCI7czoxMToiZmllbGRIZWlnaHQiO3M6MToiNCI7czoxNjoidXNld3lzaXd5Z2VkaXRvciI7czoxOiIwIjtzOjE3OiJkb2VzTm90VGFrZUxvY2FsZSI7czoxOiIwIjtzOjE1OiJjYW5CZVVzZWRJblNvcnQiO3M6MToiMSI7czoyMToic3VnZ2VzdEV4aXN0aW5nVmFsdWVzIjtzOjE6IjAiO3M6MjQ6InN1Z2dlc3RFeGlzdGluZ1ZhbHVlU29ydCI7czo1OiJ2YWx1ZSI7czoyMToiY2FuQmVVc2VkSW5TZWFyY2hGb3JtIjtzOjE6IjEiO3M6MTg6ImNhbkJlVXNlZEluRGlzcGxheSI7czoxOiIxIjtzOjEwOiJjYW5NYWtlUERGIjtzOjE6IjAiO3M6MTg6ImNhbk1ha2VQREZGb3JWYWx1ZSI7czoxOiIwIjtzOjE2OiJpc0RlcGVuZGVudFZhbHVlIjtzOjE6IjAiO3M6MTI6Im11c3RCZVVuaXF1ZSI7czoxOiIwIjt9,0,21905.29712679400000000000,22334.79213830900000000000,115
120,115,,container2,"",0,YTo2OntzOjE3OiJkb2VzTm90VGFrZUxvY2FsZSI7czoxOiIwIjtzOjMwOiJsaW5lQnJlYWtBZnRlck51bWJlck9mRWxlbWVudHMiO3M6MToiMCI7czoyMToiY2FuQmVVc2VkSW5TZWFyY2hGb3JtIjtzOjE6IjAiO3M6MTg6ImNhbkJlVXNlZEluRGlzcGxheSI7czoxOiIwIjtzOjEwOiJjYW5NYWtlUERGIjtzOjE6IjAiO3M6MTg6ImNhbk1ha2VQREZGb3JWYWx1ZSI7czoxOiIwIjt9,0,30065.69375567500000000000,34360.63528092300000000000,115
121,120,,CE_Agent,"",22,YTo5OntzOjEyOiJyZXF1aXJlVmFsdWUiO3M6MToiMSI7czoxMDoiZmllbGRXaWR0aCI7czoyOiI4MyI7czoxNzoiZG9lc05vdFRha2VMb2NhbGUiO3M6MToiMSI7czoxNToiY2FuQmVVc2VkSW5Tb3J0IjtzOjE6IjEiO3M6MjE6ImNhbkJlVXNlZEluU2VhcmNoRm9ybSI7czoxOiIxIjtzOjE4OiJjYW5CZVVzZWRJbkRpc3BsYXkiO3M6MToiMSI7czoxMDoiY2FuTWFrZVBERiI7czoxOiIwIjtzOjE4OiJjYW5NYWtlUERGRm9yVmFsdWUiO3M6MToiMCI7czoxNToicmVzdHJpY3RUb1R5cGVzIjthOjM6e2k6MDtzOjI6Ijg1IjtpOjE7czoyOiI4NyI7aToyO3M6MjoiODYiO319,0,30495.18790820000000000000,30924.68206072500000000000,115
122,115,,CE_GeographicScope,"",1,YToxNTp7czo4OiJtaW5DaGFycyI7czoxOiIwIjtzOjg6Im1heENoYXJzIjtzOjU6IjY1NTM1IjtzOjEwOiJmaWVsZFdpZHRoIjtzOjI6IjM2IjtzOjExOiJmaWVsZEhlaWdodCI7czoxOiIxIjtzOjE2OiJ1c2V3eXNpd3lnZWRpdG9yIjtzOjE6IjAiO3M6MTc6ImRvZXNOb3RUYWtlTG9jYWxlIjtzOjE6IjAiO3M6MTU6ImNhbkJlVXNlZEluU29ydCI7czoxOiIxIjtzOjIxOiJzdWdnZXN0RXhpc3RpbmdWYWx1ZXMiO3M6MToiMSI7czoyNDoic3VnZ2VzdEV4aXN0aW5nVmFsdWVTb3J0IjtzOjU6InZhbHVlIjtzOjIxOiJjYW5CZVVzZWRJblNlYXJjaEZvcm0iO3M6MToiMSI7czoxODoiY2FuQmVVc2VkSW5EaXNwbGF5IjtzOjE6IjEiO3M6MTA6ImNhbk1ha2VQREYiO3M6MToiMCI7czoxODoiY2FuTWFrZVBERkZvclZhbHVlIjtzOjE6IjAiO3M6MTY6ImlzRGVwZW5kZW50VmFsdWUiO3M6MToiMCI7czoxMjoibXVzdEJlVW5pcXVlIjtzOjE6IjAiO30=,0,38655.56821628800000000000,42950.50115165200000000000,115
123,,,vhh_URL,"",5,YToxOntzOjEwOiJmaWVsZFdpZHRoIjtzOjI6Ijg0Ijt9,0,1.00000000000000000000,4294967296.00000000000000000000,123
124,,77,vhh_TypeOfActivity,"",3,YToyOntzOjY6InJlbmRlciI7czo2OiJzZWxlY3QiO3M6MTU6InJlc3RyaWN0VG9UeXBlcyI7czoxOiIyIjt9,0,1.00000000000000000000,4294967296.00000000000000000000,124
125,,,vhh_Place,"",0,YToyOntzOjIxOiJjYW5CZVVzZWRJblNlYXJjaEZvcm0iO3M6MToiMCI7czoxODoiY2FuQmVVc2VkSW5EaXNwbGF5IjtzOjE6IjAiO30=,0,1.00000000000000000000,4294967296.00000000000000000000,125
126,125,,place_Place,"",23,YTo5OntzOjEyOiJyZXF1aXJlVmFsdWUiO3M6MToiMSI7czoxMDoiZmllbGRXaWR0aCI7czoyOiI0MCI7czoxNzoiZG9lc05vdFRha2VMb2NhbGUiO3M6MToiMSI7czoxNToiY2FuQmVVc2VkSW5Tb3J0IjtzOjE6IjEiO3M6MjE6ImNhbkJlVXNlZEluU2VhcmNoRm9ybSI7czoxOiIxIjtzOjE4OiJjYW5CZVVzZWRJbkRpc3BsYXkiO3M6MToiMSI7czoxMDoiY2FuTWFrZVBERiI7czoxOiIwIjtzOjE4OiJjYW5NYWtlUERGRm9yVmFsdWUiO3M6MToiMCI7czoxNToicmVzdHJpY3RUb1R5cGVzIjthOjEwOntpOjA7czoyOiI5NyI7aToxO3M6MjoiOTQiO2k6MjtzOjI6Ijk1IjtpOjM7czoyOiI5OCI7aTo0O3M6MzoiMTAwIjtpOjU7czoyOiI5OSI7aTo2O3M6MzoiMTAzIjtpOjc7czozOiIxMDIiO2k6ODtzOjM6IjEwMSI7aTo5O3M6MjoiOTYiO319,0,4295.96729500000000000000,8590.93459000000000000000,125
127,125,65,place_Type,"",3,YToxNzp7czo5OiJsaXN0V2lkdGgiO3M6MjoiNDAiO3M6MTA6Imxpc3RIZWlnaHQiO3M6NToiMjAwcHgiO3M6MTc6ImRvZXNOb3RUYWtlTG9jYWxlIjtzOjE6IjEiO3M6MTI6InJlcXVpcmVWYWx1ZSI7czoxOiIwIjtzOjE4OiJpbXBsaWNpdE51bGxPcHRpb24iO3M6MToiMCI7czoxNDoibnVsbE9wdGlvblRleHQiO3M6NzoiTm90IHNldCI7czoxODoidXNlRGVmYXVsdFdoZW5OdWxsIjtzOjE6IjAiO3M6MTU6ImNhbkJlVXNlZEluU29ydCI7czoxOiIxIjtzOjY6InJlbmRlciI7czo2OiJzZWxlY3QiO3M6MTE6ImF1dG9fc2hyaW5rIjtzOjE6IjAiO3M6MTA6Im1heENvbHVtbnMiO3M6MToiMyI7czoyMToiY2FuQmVVc2VkSW5TZWFyY2hGb3JtIjtzOjE6IjEiO3M6MTg6ImNhbkJlVXNlZEluRGlzcGxheSI7czoxOiIxIjtzOjEwOiJjYW5NYWtlUERGIjtzOjE6IjAiO3M6MTg6ImNhbk1ha2VQREZGb3JWYWx1ZSI7czoxOiIwIjtzOjE2OiJkaXNwbGF5RGVsaW1pdGVyIjtzOjE6IjsiO3M6MTU6InJlc3RyaWN0VG9UeXBlcyI7czoxOiIyIjt9,0,12885.89329506500000000000,17180.85200013100000000000,125
128,,,vhh_TitleItem,"",0,YToyOntzOjIxOiJjYW5CZVVzZWRJblNlYXJjaEZvcm0iO3M6MToiMCI7czoxODoiY2FuQmVVc2VkSW5EaXNwbGF5IjtzOjE6IjAiO30=,0,1.00000000000000000000,4294967296.00000000000000000000,128
129,128,,title_Title,"",1,YToxNTp7czo4OiJtaW5DaGFycyI7czoxOiIwIjtzOjg6Im1heENoYXJzIjtzOjU6IjY1NTM1IjtzOjEwOiJmaWVsZFdpZHRoIjtzOjI6IjQwIjtzOjExOiJmaWVsZEhlaWdodCI7czoxOiIxIjtzOjE2OiJ1c2V3eXNpd3lnZWRpdG9yIjtzOjE6IjAiO3M6MTc6ImRvZXNOb3RUYWtlTG9jYWxlIjtzOjE6IjAiO3M6MTU6ImNhbkJlVXNlZEluU29ydCI7czoxOiIxIjtzOjIxOiJzdWdnZXN0RXhpc3RpbmdWYWx1ZXMiO3M6MToiMCI7czoyNDoic3VnZ2VzdEV4aXN0aW5nVmFsdWVTb3J0IjtzOjU6InZhbHVlIjtzOjIxOiJjYW5CZVVzZWRJblNlYXJjaEZvcm0iO3M6MToiMSI7czoxODoiY2FuQmVVc2VkSW5EaXNwbGF5IjtzOjE6IjEiO3M6MTA6ImNhbk1ha2VQREYiO3M6MToiMCI7czoxODoiY2FuTWFrZVBERkZvclZhbHVlIjtzOjE6IjAiO3M6MTY6ImlzRGVwZW5kZW50VmFsdWUiO3M6MToiMCI7czoxMjoibXVzdEJlVW5pcXVlIjtzOjE6IjAiO30=,0,4295.96729500000000000000,8590.93459000000000000000,128
130,128,53,title_Relationship,"",3,YToxNzp7czo5OiJsaXN0V2lkdGgiO3M6MjoiMjAiO3M6MTA6Imxpc3RIZWlnaHQiO3M6NToiMjAwcHgiO3M6MTc6ImRvZXNOb3RUYWtlTG9jYWxlIjtzOjE6IjEiO3M6MTI6InJlcXVpcmVWYWx1ZSI7czoxOiIwIjtzOjE4OiJpbXBsaWNpdE51bGxPcHRpb24iO3M6MToiMCI7czoxNDoibnVsbE9wdGlvblRleHQiO3M6NzoiTm90IHNldCI7czoxODoidXNlRGVmYXVsdFdoZW5OdWxsIjtzOjE6IjAiO3M6MTU6ImNhbkJlVXNlZEluU29ydCI7czoxOiIxIjtzOjY6InJlbmRlciI7czo2OiJzZWxlY3QiO3M6MTE6ImF1dG9fc2hyaW5rIjtzOjE6IjAiO3M6MTA6Im1heENvbHVtbnMiO3M6MToiMyI7czoyMToiY2FuQmVVc2VkSW5TZWFyY2hGb3JtIjtzOjE6IjEiO3M6MTg6ImNhbkJlVXNlZEluRGlzcGxheSI7czoxOiIxIjtzOjEwOiJjYW5NYWtlUERGIjtzOjE6IjAiO3M6MTg6ImNhbk1ha2VQREZGb3JWYWx1ZSI7czoxOiIwIjtzOjE2OiJkaXNwbGF5RGVsaW1pdGVyIjtzOjE6IjsiO3M6MTU6InJlc3RyaWN0VG9UeXBlcyI7czoxOiIyIjt9,0,12885.89329506500000000000,17180.85200013100000000000,128
131,,,vhh_HoldingInstitution,"",22,YToxOntzOjE1OiJyZXN0cmljdFRvVHlwZXMiO2E6Mzp7aTowO3M6MjoiODUiO2k6MTtzOjI6Ijg3IjtpOjI7czoyOiI4NiI7fX0=,0,1.00000000000000000000,4294967296.00000000000000000000,131
132,,57,vhh_InstantiationType,"",3,YToyOntzOjY6InJlbmRlciI7czo2OiJzZWxlY3QiO3M6MTU6InJlc3RyaWN0VG9UeXBlcyI7czoxOiIyIjt9,0,1.00000000000000000000,4294967296.00000000000000000000,132
133,,,vhh_ItemSpecifics,"",1,YTozOntzOjg6Im1pbkNoYXJzIjtzOjI6IjEwIjtzOjEwOiJmaWVsZFdpZHRoIjtzOjM6IjExMCI7czoxMToiZmllbGRIZWlnaHQiO3M6MToiNCI7fQ==,0,1.00000000000000000000,4294967296.00000000000000000000,133
134,,,vhh_AccessConditions,"",1,YTozOntzOjg6Im1pbkNoYXJzIjtzOjI6IjEwIjtzOjEwOiJmaWVsZFdpZHRoIjtzOjM6IjExMCI7czoxMToiZmllbGRIZWlnaHQiO3M6MToiNCI7fQ==,0,1.00000000000000000000,4294967296.00000000000000000000,134
135,,74,vhh_AVType,"",3,YTozOntzOjY6InJlbmRlciI7czo2OiJzZWxlY3QiO3M6MTU6InJlc3RyaWN0VG9UeXBlcyI7czoxOiIyIjtzOjEyOiJyZXF1aXJlVmFsdWUiO3M6MToiMSI7fQ==,0,1.00000000000000000000,4294967296.00000000000000000000,135
136,,,cws_DecisionDate,"",2,YToxOntzOjEzOiJ1c2VEYXRlUGlja2VyIjtzOjE6IjEiO30=,0,1.00000000000000000000,4294967296.00000000000000000000,136
137,,75,cws_DecisionType,"",3,YToxOntzOjY6InJlbmRlciI7czo2OiJzZWxlY3QiO30=,0,1.00000000000000000000,4294967296.00000000000000000000,137
138,,76,cws_Achievement,"",3,YToxOntzOjY6InJlbmRlciI7czo2OiJzZWxlY3QiO30=,0,1.00000000000000000000,4294967296.00000000000000000000,138
139,,,cws_EventDetails,"",1,YToyOntzOjExOiJmaWVsZEhlaWdodCI7czoxOiI0IjtzOjEwOiJmaWVsZFdpZHRoIjtzOjM6IjExOCI7fQ==,0,1.00000000000000000000,4294967296.00000000000000000000,139
140,,,cws_EventName,"",1,Tjs=,0,1.00000000000000000000,4294967296.00000000000000000000,140
141,,,cws_EventRelationship,"",29,Tjs=,0,1.00000000000000000000,4294967296.00000000000000000000,141
142,,,cws_Verdict,"",1,Tjs=,0,1.00000000000000000000,4294967296.00000000000000000000,142
143,,,cws_RegionalScope,"",1,YTozOntzOjIxOiJzdWdnZXN0RXhpc3RpbmdWYWx1ZXMiO3M6MToiMSI7czoxMDoiZmllbGRXaWR0aCI7czoyOiI2MCI7czoxNzoiZG9lc05vdFRha2VMb2NhbGUiO3M6MToiMSI7fQ==,0,1.00000000000000000000,4294967296.00000000000000000000,143
144,,,cws_RegistrationDate,"",1,Tjs=,0,1.00000000000000000000,4294967296.00000000000000000000,144
145,,,cws_NameOfApplicant,"",22,YToyOntzOjEwOiJmaWVsZFdpZHRoIjtzOjI6IjQwIjtzOjE3OiJkb2VzTm90VGFrZUxvY2FsZSI7czoxOiIwIjt9,0,1.00000000000000000000,4294967296.00000000000000000000,145
146,,65,cws_NominationOnly,"",3,YTozOntzOjE4OiJ1c2VEZWZhdWx0V2hlbk51bGwiO3M6MToiMSI7czo2OiJyZW5kZXIiO3M6MTc6Inllc19ub19jaGVja2JveGVzIjtzOjE1OiJyZXN0cmljdFRvVHlwZXMiO3M6MToiMiI7fQ==,0,1.00000000000000000000,4294967296.00000000000000000000,146
147,,,cws_PreservationDetail,"",1,YToyOntzOjExOiJmaWVsZEhlaWdodCI7czoxOiI0IjtzOjEwOiJmaWVsZFdpZHRoIjtzOjM6IjExOCI7fQ==,0,1.00000000000000000000,4294967296.00000000000000000000,147
148,,78,cws_PreservationType,"",3,YToxOntzOjY6InJlbmRlciI7czo2OiJzZWxlY3QiO30=,0,1.00000000000000000000,4294967296.00000000000000000000,148
149,,79,cws_ProductionEventType,"",3,YToxOntzOjY6InJlbmRlciI7czo2OiJzZWxlY3QiO30=,0,1.00000000000000000000,4294967296.00000000000000000000,149
150,,,cws_PublicationDate,"",2,Tjs=,0,1.00000000000000000000,4294967296.00000000000000000000,150
151,,80,cws_PublicationType,"",3,YToxOntzOjY6InJlbmRlciI7czo2OiJzZWxlY3QiO30=,0,1.00000000000000000000,4294967296.00000000000000000000,151
152,,,cws_Location,"",23,YToxOntzOjE1OiJyZXN0cmljdFRvVHlwZXMiO2E6MTE6e2k6MDtzOjI6Ijk3IjtpOjE7czoyOiI5NCI7aToyO3M6MjoiOTUiO2k6MztzOjI6Ijk4IjtpOjQ7czozOiIxMDAiO2k6NTtzOjI6Ijk5IjtpOjY7czozOiIxMDMiO2k6NztzOjM6IjEwMiI7aTo4O3M6MzoiMTA0IjtpOjk7czozOiIxMDEiO2k6MTA7czoyOiI5NiI7fX0=,0,1.00000000000000000000,4294967296.00000000000000000000,152
153,,,cws_RegistrationAgency,"",22,Tjs=,0,1.00000000000000000000,4294967296.00000000000000000000,153
154,,,cws_HasAgent,"",0,YTozOntzOjMwOiJsaW5lQnJlYWtBZnRlck51bWJlck9mRWxlbWVudHMiO3M6MToiMiI7czoyMToiY2FuQmVVc2VkSW5TZWFyY2hGb3JtIjtzOjE6IjAiO3M6MTg6ImNhbkJlVXNlZEluRGlzcGxheSI7czoxOiIwIjt9,0,1.00000000000000000000,4294967296.00000000000000000000,154
155,154,77,cws_Activity,"",3,YToxNDp7czo5OiJsaXN0V2lkdGgiO3M6MjoiNDAiO3M6MTA6Imxpc3RIZWlnaHQiO3M6NToiMjAwcHgiO3M6MTc6ImRvZXNOb3RUYWtlTG9jYWxlIjtzOjE6IjEiO3M6MTI6InJlcXVpcmVWYWx1ZSI7czoxOiIwIjtzOjE0OiJudWxsT3B0aW9uVGV4dCI7czo3OiJOb3Qgc2V0IjtzOjE4OiJ1c2VEZWZhdWx0V2hlbk51bGwiO3M6MToiMCI7czoxNToiY2FuQmVVc2VkSW5Tb3J0IjtzOjE6IjEiO3M6NjoicmVuZGVyIjtzOjY6InNlbGVjdCI7czoxMToiYXV0b19zaHJpbmsiO3M6MToiMCI7czoxMDoibWF4Q29sdW1ucyI7czoxOiIzIjtzOjIxOiJjYW5CZVVzZWRJblNlYXJjaEZvcm0iO3M6MToiMSI7czoxODoiY2FuQmVVc2VkSW5EaXNwbGF5IjtzOjE6IjEiO3M6MTA6ImNhbk1ha2VQREYiO3M6MToiMCI7czoxODoiY2FuTWFrZVBERkZvclZhbHVlIjtzOjE6IjAiO30=,0,4295.96729500000000000000,8590.93459000000000000000,154
156,154,,cws_ActivityDetail,"",1,YToxNTp7czo4OiJtaW5DaGFycyI7czoxOiIwIjtzOjg6Im1heENoYXJzIjtzOjU6IjY1NTM1IjtzOjEwOiJmaWVsZFdpZHRoIjtzOjI6IjQwIjtzOjExOiJmaWVsZEhlaWdodCI7czoxOiIxIjtzOjE2OiJ1c2V3eXNpd3lnZWRpdG9yIjtzOjE6IjAiO3M6MTc6ImRvZXNOb3RUYWtlTG9jYWxlIjtzOjE6IjAiO3M6MTU6ImNhbkJlVXNlZEluU29ydCI7czoxOiIxIjtzOjIxOiJzdWdnZXN0RXhpc3RpbmdWYWx1ZXMiO3M6MToiMSI7czoyNDoic3VnZ2VzdEV4aXN0aW5nVmFsdWVTb3J0IjtzOjU6InZhbHVlIjtzOjIxOiJjYW5CZVVzZWRJblNlYXJjaEZvcm0iO3M6MToiMSI7czoxODoiY2FuQmVVc2VkSW5EaXNwbGF5IjtzOjE6IjEiO3M6MTA6ImNhbk1ha2VQREYiO3M6MToiMCI7czoxODoiY2FuTWFrZVBERkZvclZhbHVlIjtzOjE6IjAiO3M6MTY6ImlzRGVwZW5kZW50VmFsdWUiO3M6MToiMCI7czoxMjoibXVzdEJlVW5pcXVlIjtzOjE6IjAiO30=,0,12885.89329506500000000000,17180.85200013100000000000,154
157,154,,cws_Character,"",1,YToxNTp7czo4OiJtaW5DaGFycyI7czoxOiIwIjtzOjg6Im1heENoYXJzIjtzOjU6IjY1NTM1IjtzOjEwOiJmaWVsZFdpZHRoIjtzOjI6IjQwIjtzOjExOiJmaWVsZEhlaWdodCI7czoxOiIxIjtzOjE2OiJ1c2V3eXNpd3lnZWRpdG9yIjtzOjE6IjAiO3M6MTc6ImRvZXNOb3RUYWtlTG9jYWxlIjtzOjE6IjAiO3M6MTU6ImNhbkJlVXNlZEluU29ydCI7czoxOiIxIjtzOjIxOiJzdWdnZXN0RXhpc3RpbmdWYWx1ZXMiO3M6MToiMSI7czoyNDoic3VnZ2VzdEV4aXN0aW5nVmFsdWVTb3J0IjtzOjU6InZhbHVlIjtzOjIxOiJjYW5CZVVzZWRJblNlYXJjaEZvcm0iO3M6MToiMSI7czoxODoiY2FuQmVVc2VkSW5EaXNwbGF5IjtzOjE6IjEiO3M6MTA6ImNhbk1ha2VQREYiO3M6MToiMCI7czoxODoiY2FuTWFrZVBERkZvclZhbHVlIjtzOjE6IjAiO3M6MTY6ImlzRGVwZW5kZW50VmFsdWUiO3M6MToiMCI7czoxMjoibXVzdEJlVW5pcXVlIjtzOjE6IjAiO30=,0,21475.80211527900000000000,25770.75223042700000000000,154
158,154,,cws_NameUsed,"",1,YToxNTp7czo4OiJtaW5DaGFycyI7czoxOiIwIjtzOjg6Im1heENoYXJzIjtzOjU6IjY1NTM1IjtzOjEwOiJmaWVsZFdpZHRoIjtzOjI6IjQwIjtzOjExOiJmaWVsZEhlaWdodCI7czoxOiIxIjtzOjE2OiJ1c2V3eXNpd3lnZWRpdG9yIjtzOjE6IjAiO3M6MTc6ImRvZXNOb3RUYWtlTG9jYWxlIjtzOjE6IjAiO3M6MTU6ImNhbkJlVXNlZEluU29ydCI7czoxOiIxIjtzOjIxOiJzdWdnZXN0RXhpc3RpbmdWYWx1ZXMiO3M6MToiMCI7czoyNDoic3VnZ2VzdEV4aXN0aW5nVmFsdWVTb3J0IjtzOjU6InZhbHVlIjtzOjIxOiJjYW5CZVVzZWRJblNlYXJjaEZvcm0iO3M6MToiMSI7czoxODoiY2FuQmVVc2VkSW5EaXNwbGF5IjtzOjE6IjEiO3M6MTA6ImNhbk1ha2VQREYiO3M6MToiMCI7czoxODoiY2FuTWFrZVBERkZvclZhbHVlIjtzOjE6IjAiO3M6MTY6ImlzRGVwZW5kZW50VmFsdWUiO3M6MToiMCI7czoxMjoibXVzdEJlVW5pcXVlIjtzOjE6IjAiO30=,0,30065.69375567500000000000,34360.63528092300000000000,154
159,154,,cws_CreditRank,"",11,YToxNDp7czo4OiJtaW5DaGFycyI7czoxOiIwIjtzOjg6Im1heENoYXJzIjtzOjE6IjQiO3M6ODoibWluVmFsdWUiO3M6MToiMCI7czo4OiJtYXhWYWx1ZSI7czo0OiI5OTk5IjtzOjEwOiJmaWVsZFdpZHRoIjtzOjE6IjQiO3M6MTE6ImZpZWxkSGVpZ2h0IjtzOjE6IjEiO3M6MTc6ImRvZXNOb3RUYWtlTG9jYWxlIjtzOjE6IjAiO3M6MTU6ImNhbkJlVXNlZEluU29ydCI7czoxOiIxIjtzOjE0OiJtdXN0Tm90QmVCbGFuayI7czoxOiIwIjtzOjEyOiJtdXN0QmVVbmlxdWUiO3M6MToiMCI7czoyMToiY2FuQmVVc2VkSW5TZWFyY2hGb3JtIjtzOjE6IjEiO3M6MTg6ImNhbkJlVXNlZEluRGlzcGxheSI7czoxOiIxIjtzOjEwOiJjYW5NYWtlUERGIjtzOjE6IjAiO3M6MTg6ImNhbk1ha2VQREZGb3JWYWx1ZSI7czoxOiIwIjt9,0,38655.56821628800000000000,42950.50115165200000000000,154
160,,84,vhh_PublicationStatus,"",3,YToyOntzOjY6InJlbmRlciI7czo2OiJzZWxlY3QiO3M6MTU6InJlc3RyaWN0VG9UeXBlcyI7czoxOiIyIjt9,0,1.00000000000000000000,4294967296.00000000000000000000,160
161,,82,vhh_SourceType,"",3,YToyOntzOjY6InJlbmRlciI7czo2OiJzZWxlY3QiO3M6MTU6InJlc3RyaWN0VG9UeXBlcyI7czoxOiIyIjt9,0,1.00000000000000000000,4294967296.00000000000000000000,161
162,,81,vhh_MediaType,"",3,YToyOntzOjY6InJlbmRlciI7czo2OiJzZWxlY3QiO3M6MTU6InJlc3RyaWN0VG9UeXBlcyI7czoxOiIyIjt9,0,1.00000000000000000000,4294967296.00000000000000000000,162
163,,88,vhh_PublicationType,"",3,YToyOntzOjY6InJlbmRlciI7czo2OiJzZWxlY3QiO3M6MTU6InJlc3RyaWN0VG9UeXBlcyI7czoxOiIyIjt9,0,1.00000000000000000000,4294967296.00000000000000000000,163
164,,86,vhh_Genre,"",3,YToyOntzOjY6InJlbmRlciI7czo2OiJzZWxlY3QiO3M6MTU6InJlc3RyaWN0VG9UeXBlcyI7czoxOiIyIjt9,0,1.00000000000000000000,4294967296.00000000000000000000,164
165,,85,vhh_RealityStatus,"",3,YToyOntzOjY6InJlbmRlciI7czo2OiJzZWxlY3QiO3M6MTU6InJlc3RyaWN0VG9UeXBlcyI7czoxOiIyIjt9,0,1.00000000000000000000,4294967296.00000000000000000000,165
166,,83,vhh_ProductionMode,"",3,YToyOntzOjY6InJlbmRlciI7czo2OiJzZWxlY3QiO3M6MTU6InJlc3RyaWN0VG9UeXBlcyI7czoxOiIyIjt9,0,1.00000000000000000000,4294967296.00000000000000000000,166
167,,87,vhh_ProductionStatus,"",3,YToyOntzOjY6InJlbmRlciI7czo2OiJzZWxlY3QiO3M6MTU6InJlc3RyaWN0VG9UeXBlcyI7czoxOiIyIjt9,0,1.00000000000000000000,4294967296.00000000000000000000,167
168,,89,vhh_AccessStatus,"",3,YToyOntzOjY6InJlbmRlciI7czo2OiJzZWxlY3QiO3M6MTU6InJlc3RyaWN0VG9UeXBlcyI7czoxOiIyIjt9,0,1.00000000000000000000,4294967296.00000000000000000000,168
169,,90,vhh_OnlineStatus,"",3,YToyOntzOjY6InJlbmRlciI7czo2OiJzZWxlY3QiO3M6MTU6InJlc3RyaWN0VG9UeXBlcyI7czoxOiIyIjt9,0,1.00000000000000000000,4294967296.00000000000000000000,169
170,,91,vhh_DerivateStatus,"",3,YToyOntzOjY6InJlbmRlciI7czo2OiJzZWxlY3QiO3M6MTU6InJlc3RyaWN0VG9UeXBlcyI7czoxOiIyIjt9,0,1.00000000000000000000,4294967296.00000000000000000000,170
171,,,vhh_ColourNonAV,"",0,YToxOntzOjE3OiJkb2VzTm90VGFrZUxvY2FsZSI7czoxOiIxIjt9,0,1.00000000000000000000,4294967296.00000000000000000000,171
172,171,58,col2_Chromatism,"",3,YToxNjp7czo5OiJsaXN0V2lkdGgiO3M6MjoiNDAiO3M6MTA6Imxpc3RIZWlnaHQiO3M6NToiMjAwcHgiO3M6MTc6ImRvZXNOb3RUYWtlTG9jYWxlIjtzOjE6IjEiO3M6MTI6InJlcXVpcmVWYWx1ZSI7czoxOiIwIjtzOjE4OiJpbXBsaWNpdE51bGxPcHRpb24iO3M6MToiMCI7czoxNDoibnVsbE9wdGlvblRleHQiO3M6NzoiTm90IHNldCI7czoxODoidXNlRGVmYXVsdFdoZW5OdWxsIjtzOjE6IjAiO3M6MTU6ImNhbkJlVXNlZEluU29ydCI7czoxOiIxIjtzOjY6InJlbmRlciI7czo2OiJzZWxlY3QiO3M6MTE6ImF1dG9fc2hyaW5rIjtzOjE6IjAiO3M6MTA6Im1heENvbHVtbnMiO3M6MToiMyI7czoyMToiY2FuQmVVc2VkSW5TZWFyY2hGb3JtIjtzOjE6IjEiO3M6MTg6ImNhbkJlVXNlZEluRGlzcGxheSI7czoxOiIxIjtzOjEwOiJjYW5NYWtlUERGIjtzOjE6IjAiO3M6MTg6ImNhbk1ha2VQREZGb3JWYWx1ZSI7czoxOiIwIjtzOjE1OiJyZXN0cmljdFRvVHlwZXMiO3M6MToiMiI7fQ==,0,4295.96729500000000000000,8590.93459000000000000000,171
173,171,,col2_ColourSystem,"",1,YToxNTp7czo4OiJtaW5DaGFycyI7czoxOiIwIjtzOjg6Im1heENoYXJzIjtzOjU6IjY1NTM1IjtzOjEwOiJmaWVsZFdpZHRoIjtzOjI6IjQwIjtzOjExOiJmaWVsZEhlaWdodCI7czoxOiIxIjtzOjE2OiJ1c2V3eXNpd3lnZWRpdG9yIjtzOjE6IjAiO3M6MTc6ImRvZXNOb3RUYWtlTG9jYWxlIjtzOjE6IjAiO3M6MTU6ImNhbkJlVXNlZEluU29ydCI7czoxOiIxIjtzOjIxOiJzdWdnZXN0RXhpc3RpbmdWYWx1ZXMiO3M6MToiMSI7czoyNDoic3VnZ2VzdEV4aXN0aW5nVmFsdWVTb3J0IjtzOjU6InZhbHVlIjtzOjIxOiJjYW5CZVVzZWRJblNlYXJjaEZvcm0iO3M6MToiMSI7czoxODoiY2FuQmVVc2VkSW5EaXNwbGF5IjtzOjE6IjEiO3M6MTA6ImNhbk1ha2VQREYiO3M6MToiMCI7czoxODoiY2FuTWFrZVBERkZvclZhbHVlIjtzOjE6IjAiO3M6MTY6ImlzRGVwZW5kZW50VmFsdWUiO3M6MToiMCI7czoxMjoibXVzdEJlVW5pcXVlIjtzOjE6IjAiO30=,0,12885.89329506500000000000,17180.85200013100000000000,171
174,171,65,col2_HasColor,"",3,YToxNzp7czo5OiJsaXN0V2lkdGgiO3M6MjoiMTAiO3M6MTA6Imxpc3RIZWlnaHQiO3M6NToiMjAwcHgiO3M6MTc6ImRvZXNOb3RUYWtlTG9jYWxlIjtzOjE6IjEiO3M6MTI6InJlcXVpcmVWYWx1ZSI7czoxOiIwIjtzOjE4OiJpbXBsaWNpdE51bGxPcHRpb24iO3M6MToiMCI7czoxNDoibnVsbE9wdGlvblRleHQiO3M6NzoiTm90IHNldCI7czoxODoidXNlRGVmYXVsdFdoZW5OdWxsIjtzOjE6IjAiO3M6MTU6ImNhbkJlVXNlZEluU29ydCI7czoxOiIxIjtzOjY6InJlbmRlciI7czoxNzoieWVzX25vX2NoZWNrYm94ZXMiO3M6MTE6ImF1dG9fc2hyaW5rIjtzOjE6IjAiO3M6MTA6Im1heENvbHVtbnMiO3M6MToiMyI7czoyMToiY2FuQmVVc2VkSW5TZWFyY2hGb3JtIjtzOjE6IjEiO3M6MTg6ImNhbkJlVXNlZEluRGlzcGxheSI7czoxOiIxIjtzOjEwOiJjYW5NYWtlUERGIjtzOjE6IjAiO3M6MTg6ImNhbk1ha2VQREZGb3JWYWx1ZSI7czoxOiIwIjtzOjE2OiJkaXNwbGF5RGVsaW1pdGVyIjtzOjI6IjsgIjtzOjE1OiJyZXN0cmljdFRvVHlwZXMiO3M6MToiMiI7fQ==,0,21475.80211527900000000000,25770.75223042700000000000,171
175,,,vhh_PhysicalFormat,"",0,YToyOntzOjIxOiJjYW5CZVVzZWRJblNlYXJjaEZvcm0iO3M6MToiMCI7czoxODoiY2FuQmVVc2VkSW5EaXNwbGF5IjtzOjE6IjAiO30=,0,1.00000000000000000000,4294967296.00000000000000000000,175
176,175,96,vhh_PF_Value,"",3,YToxNjp7czoxNzoiZG9lc05vdFRha2VMb2NhbGUiO3M6MToiMCI7czoxNToiY2FuQmVVc2VkSW5Tb3J0IjtzOjE6IjEiO3M6MjE6ImNhbkJlVXNlZEluU2VhcmNoRm9ybSI7czoxOiIxIjtzOjE4OiJjYW5CZVVzZWRJbkRpc3BsYXkiO3M6MToiMSI7czoxMDoiY2FuTWFrZVBERiI7czoxOiIwIjtzOjE4OiJjYW5NYWtlUERGRm9yVmFsdWUiO3M6MToiMCI7czo5OiJsaXN0V2lkdGgiO3M6MjoiNDAiO3M6MTA6Imxpc3RIZWlnaHQiO3M6NToiMjAwcHgiO3M6MTI6InJlcXVpcmVWYWx1ZSI7czoxOiIwIjtzOjE4OiJpbXBsaWNpdE51bGxPcHRpb24iO3M6MToiMCI7czoxNDoibnVsbE9wdGlvblRleHQiO3M6NzoiTm90IHNldCI7czoxODoidXNlRGVmYXVsdFdoZW5OdWxsIjtzOjE6IjAiO3M6NjoicmVuZGVyIjtzOjY6InNlbGVjdCI7czoxMToiYXV0b19zaHJpbmsiO3M6MToiMCI7czoxMDoibWF4Q29sdW1ucyI7czoxOiIzIjtzOjE1OiJyZXN0cmljdFRvVHlwZXMiO3M6MToiNSI7fQ==,0,4295.96729500000000000000,8590.93459000000000000000,175
177,175,,vhh_PF_Size,"",1,YToxNjp7czo4OiJtaW5DaGFycyI7czoxOiIwIjtzOjg6Im1heENoYXJzIjtzOjU6IjY1NTM1IjtzOjEwOiJmaWVsZFdpZHRoIjtzOjI6IjQwIjtzOjExOiJmaWVsZEhlaWdodCI7czoxOiIxIjtzOjE2OiJ1c2V3eXNpd3lnZWRpdG9yIjtzOjE6IjAiO3M6MTc6ImRvZXNOb3RUYWtlTG9jYWxlIjtzOjE6IjAiO3M6MTU6ImNhbkJlVXNlZEluU29ydCI7czoxOiIxIjtzOjIxOiJzdWdnZXN0RXhpc3RpbmdWYWx1ZXMiO3M6MToiMCI7czoyNDoic3VnZ2VzdEV4aXN0aW5nVmFsdWVTb3J0IjtzOjU6InZhbHVlIjtzOjIxOiJjYW5CZVVzZWRJblNlYXJjaEZvcm0iO3M6MToiMSI7czoxODoiY2FuQmVVc2VkSW5EaXNwbGF5IjtzOjE6IjEiO3M6MTA6ImNhbk1ha2VQREYiO3M6MToiMCI7czoxODoiY2FuTWFrZVBERkZvclZhbHVlIjtzOjE6IjAiO3M6MTY6ImRpc3BsYXlEZWxpbWl0ZXIiO3M6MjoiOyAiO3M6MTY6ImlzRGVwZW5kZW50VmFsdWUiO3M6MToiMCI7czoxMjoibXVzdEJlVW5pcXVlIjtzOjE6IjAiO30=,0,12885.89329506500000000000,17180.85200013100000000000,175
178,,69,vhh_Origin,"",3,YToyOntzOjY6InJlbmRlciI7czo2OiJzZWxlY3QiO3M6MTU6InJlc3RyaWN0VG9UeXBlcyI7czoxOiIyIjt9,0,1.00000000000000000000,4294967296.00000000000000000000,178
179,,,vhh_LicenseType,"",0,YToyOntzOjIxOiJjYW5CZVVzZWRJblNlYXJjaEZvcm0iO3M6MToiMCI7czoxODoiY2FuQmVVc2VkSW5EaXNwbGF5IjtzOjE6IjAiO30=,0,1.00000000000000000000,4294967296.00000000000000000000,179
180,179,95,vhh_LT_Type,"",3,YToxNzp7czo5OiJsaXN0V2lkdGgiO3M6MjoiNDAiO3M6MTA6Imxpc3RIZWlnaHQiO3M6NToiMjAwcHgiO3M6MTc6ImRvZXNOb3RUYWtlTG9jYWxlIjtzOjE6IjEiO3M6MTI6InJlcXVpcmVWYWx1ZSI7czoxOiIwIjtzOjE4OiJpbXBsaWNpdE51bGxPcHRpb24iO3M6MToiMCI7czoxNDoibnVsbE9wdGlvblRleHQiO3M6NzoiTm90IHNldCI7czoxODoidXNlRGVmYXVsdFdoZW5OdWxsIjtzOjE6IjAiO3M6MTU6ImNhbkJlVXNlZEluU29ydCI7czoxOiIxIjtzOjY6InJlbmRlciI7czo2OiJzZWxlY3QiO3M6MTE6ImF1dG9fc2hyaW5rIjtzOjE6IjAiO3M6MTA6Im1heENvbHVtbnMiO3M6MToiMyI7czoyMToiY2FuQmVVc2VkSW5TZWFyY2hGb3JtIjtzOjE6IjEiO3M6MTg6ImNhbkJlVXNlZEluRGlzcGxheSI7czoxOiIxIjtzOjEwOiJjYW5NYWtlUERGIjtzOjE6IjAiO3M6MTg6ImNhbk1ha2VQREZGb3JWYWx1ZSI7czoxOiIwIjtzOjE2OiJkaXNwbGF5RGVsaW1pdGVyIjtzOjI6IjsgIjtzOjE1OiJyZXN0cmljdFRvVHlwZXMiO3M6MToiMiI7fQ==,0,4295.96729500000000000000,8590.93459000000000000000,179
181,179,,vhh_LT_Other,"",1,YToxNjp7czo4OiJtaW5DaGFycyI7czoxOiIwIjtzOjg6Im1heENoYXJzIjtzOjU6IjY1NTM1IjtzOjEwOiJmaWVsZFdpZHRoIjtzOjI6IjQwIjtzOjExOiJmaWVsZEhlaWdodCI7czoxOiIxIjtzOjE2OiJ1c2V3eXNpd3lnZWRpdG9yIjtzOjE6IjAiO3M6MTc6ImRvZXNOb3RUYWtlTG9jYWxlIjtzOjE6IjAiO3M6MTU6ImNhbkJlVXNlZEluU29ydCI7czoxOiIxIjtzOjIxOiJzdWdnZXN0RXhpc3RpbmdWYWx1ZXMiO3M6MToiMSI7czoyNDoic3VnZ2VzdEV4aXN0aW5nVmFsdWVTb3J0IjtzOjU6InZhbHVlIjtzOjIxOiJjYW5CZVVzZWRJblNlYXJjaEZvcm0iO3M6MToiMSI7czoxODoiY2FuQmVVc2VkSW5EaXNwbGF5IjtzOjE6IjEiO3M6MTA6ImNhbk1ha2VQREYiO3M6MToiMCI7czoxODoiY2FuTWFrZVBERkZvclZhbHVlIjtzOjE6IjAiO3M6MTY6ImRpc3BsYXlEZWxpbWl0ZXIiO3M6MjoiOyAiO3M6MTY6ImlzRGVwZW5kZW50VmFsdWUiO3M6MToiMCI7czoxMjoibXVzdEJlVW5pcXVlIjtzOjE6IjAiO30=,0,12885.89329506500000000000,17180.85200013100000000000,179
182,,,vhh_Name,"",0,YTozOntzOjMwOiJsaW5lQnJlYWtBZnRlck51bWJlck9mRWxlbWVudHMiO3M6MToiMiI7czoyMToiY2FuQmVVc2VkSW5TZWFyY2hGb3JtIjtzOjE6IjAiO3M6MTg6ImNhbkJlVXNlZEluRGlzcGxheSI7czoxOiIwIjt9,0,1.00000000000000000000,4294967296.00000000000000000000,182
183,182,,vhh_N_Value,"",1,YToxNTp7czo4OiJtaW5DaGFycyI7czoxOiIwIjtzOjg6Im1heENoYXJzIjtzOjU6IjY1NTM1IjtzOjEwOiJmaWVsZFdpZHRoIjtzOjI6IjYwIjtzOjExOiJmaWVsZEhlaWdodCI7czoxOiIxIjtzOjE2OiJ1c2V3eXNpd3lnZWRpdG9yIjtzOjE6IjAiO3M6MTc6ImRvZXNOb3RUYWtlTG9jYWxlIjtzOjE6IjAiO3M6MTU6ImNhbkJlVXNlZEluU29ydCI7czoxOiIxIjtzOjIxOiJzdWdnZXN0RXhpc3RpbmdWYWx1ZXMiO3M6MToiMCI7czoyNDoic3VnZ2VzdEV4aXN0aW5nVmFsdWVTb3J0IjtzOjU6InZhbHVlIjtzOjIxOiJjYW5CZVVzZWRJblNlYXJjaEZvcm0iO3M6MToiMSI7czoxODoiY2FuQmVVc2VkSW5EaXNwbGF5IjtzOjE6IjEiO3M6MTA6ImNhbk1ha2VQREYiO3M6MToiMCI7czoxODoiY2FuTWFrZVBERkZvclZhbHVlIjtzOjE6IjAiO3M6MTY6ImlzRGVwZW5kZW50VmFsdWUiO3M6MToiMCI7czoxMjoibXVzdEJlVW5pcXVlIjtzOjE6IjAiO30=,0,4295.96729500000000000000,8590.93459000000000000000,182
184,182,45,language2,"",3,YToxNjp7czo5OiJsaXN0V2lkdGgiO3M6MjoiMjgiO3M6MTA6Imxpc3RIZWlnaHQiO3M6NToiMjAwcHgiO3M6MTc6ImRvZXNOb3RUYWtlTG9jYWxlIjtzOjE6IjEiO3M6MTI6InJlcXVpcmVWYWx1ZSI7czoxOiIwIjtzOjE4OiJpbXBsaWNpdE51bGxPcHRpb24iO3M6MToiMCI7czoxNDoibnVsbE9wdGlvblRleHQiO3M6NzoiTm90IHNldCI7czoxODoidXNlRGVmYXVsdFdoZW5OdWxsIjtzOjE6IjAiO3M6MTU6ImNhbkJlVXNlZEluU29ydCI7czoxOiIxIjtzOjY6InJlbmRlciI7czo2OiJzZWxlY3QiO3M6MTE6ImF1dG9fc2hyaW5rIjtzOjE6IjAiO3M6MTA6Im1heENvbHVtbnMiO3M6MToiMyI7czoyMToiY2FuQmVVc2VkSW5TZWFyY2hGb3JtIjtzOjE6IjEiO3M6MTg6ImNhbkJlVXNlZEluRGlzcGxheSI7czoxOiIxIjtzOjEwOiJjYW5NYWtlUERGIjtzOjE6IjAiO3M6MTg6ImNhbk1ha2VQREZGb3JWYWx1ZSI7czoxOiIwIjtzOjE1OiJyZXN0cmljdFRvVHlwZXMiO3M6MToiMiI7fQ==,0,12885.89329506500000000000,17180.85200013100000000000,182
185,182,97,vhh_N_Type,"",3,YToxNjp7czo5OiJsaXN0V2lkdGgiO3M6MjoiNDYiO3M6MTA6Imxpc3RIZWlnaHQiO3M6NToiMjAwcHgiO3M6MTc6ImRvZXNOb3RUYWtlTG9jYWxlIjtzOjE6IjEiO3M6MTI6InJlcXVpcmVWYWx1ZSI7czoxOiIwIjtzOjE4OiJpbXBsaWNpdE51bGxPcHRpb24iO3M6MToiMCI7czoxNDoibnVsbE9wdGlvblRleHQiO3M6NzoiTm90IHNldCI7czoxODoidXNlRGVmYXVsdFdoZW5OdWxsIjtzOjE6IjAiO3M6MTU6ImNhbkJlVXNlZEluU29ydCI7czoxOiIxIjtzOjY6InJlbmRlciI7czo2OiJzZWxlY3QiO3M6MTE6ImF1dG9fc2hyaW5rIjtzOjE6IjAiO3M6MTA6Im1heENvbHVtbnMiO3M6MToiMyI7czoyMToiY2FuQmVVc2VkSW5TZWFyY2hGb3JtIjtzOjE6IjEiO3M6MTg6ImNhbkJlVXNlZEluRGlzcGxheSI7czoxOiIxIjtzOjEwOiJjYW5NYWtlUERGIjtzOjE6IjAiO3M6MTg6ImNhbk1ha2VQREZGb3JWYWx1ZSI7czoxOiIwIjtzOjE1OiJyZXN0cmljdFRvVHlwZXMiO3M6MToiMiI7fQ==,0,21475.80211527900000000000,25770.75223042700000000000,182
186,182,98,vhh_N_Part,"",3,YToxNjp7czo5OiJsaXN0V2lkdGgiO3M6MjoiNDQiO3M6MTA6Imxpc3RIZWlnaHQiO3M6NToiMjAwcHgiO3M6MTc6ImRvZXNOb3RUYWtlTG9jYWxlIjtzOjE6IjEiO3M6MTI6InJlcXVpcmVWYWx1ZSI7czoxOiIwIjtzOjE4OiJpbXBsaWNpdE51bGxPcHRpb24iO3M6MToiMCI7czoxNDoibnVsbE9wdGlvblRleHQiO3M6NzoiTm90IHNldCI7czoxODoidXNlRGVmYXVsdFdoZW5OdWxsIjtzOjE6IjAiO3M6MTU6ImNhbkJlVXNlZEluU29ydCI7czoxOiIxIjtzOjY6InJlbmRlciI7czo2OiJzZWxlY3QiO3M6MTE6ImF1dG9fc2hyaW5rIjtzOjE6IjAiO3M6MTA6Im1heENvbHVtbnMiO3M6MToiMyI7czoyMToiY2FuQmVVc2VkSW5TZWFyY2hGb3JtIjtzOjE6IjEiO3M6MTg6ImNhbkJlVXNlZEluRGlzcGxheSI7czoxOiIxIjtzOjEwOiJjYW5NYWtlUERGIjtzOjE6IjAiO3M6MTg6ImNhbk1ha2VQREZGb3JWYWx1ZSI7czoxOiIwIjtzOjE1OiJyZXN0cmljdFRvVHlwZXMiO3M6MToiMiI7fQ==,0,30065.69375567500000000000,34360.63528092300000000000,182
187,182,,container3,"",0,YTo2OntzOjE3OiJkb2VzTm90VGFrZUxvY2FsZSI7czoxOiIwIjtzOjMwOiJsaW5lQnJlYWtBZnRlck51bWJlck9mRWxlbWVudHMiO3M6MToiMCI7czoyMToiY2FuQmVVc2VkSW5TZWFyY2hGb3JtIjtzOjE6IjAiO3M6MTg6ImNhbkJlVXNlZEluRGlzcGxheSI7czoxOiIwIjtzOjEwOiJjYW5NYWtlUERGIjtzOjE6IjAiO3M6MTg6ImNhbk1ha2VQREZGb3JWYWx1ZSI7czoxOiIwIjt9,0,38655.56821628800000000000,42950.50115165200000000000,182
188,187,,vhh_N_GeoScope,"",23,YTo5OntzOjEyOiJyZXF1aXJlVmFsdWUiO3M6MToiMSI7czoxMDoiZmllbGRXaWR0aCI7czoyOiIzMCI7czoxNzoiZG9lc05vdFRha2VMb2NhbGUiO3M6MToiMSI7czoxNToiY2FuQmVVc2VkSW5Tb3J0IjtzOjE6IjEiO3M6MjE6ImNhbkJlVXNlZEluU2VhcmNoRm9ybSI7czoxOiIxIjtzOjE4OiJjYW5CZVVzZWRJbkRpc3BsYXkiO3M6MToiMSI7czoxMDoiY2FuTWFrZVBERiI7czoxOiIwIjtzOjE4OiJjYW5NYWtlUERGRm9yVmFsdWUiO3M6MToiMCI7czoxNToicmVzdHJpY3RUb1R5cGVzIjtzOjI6Ijk1Ijt9,0,39085.06150982400000000000,39514.55480336100000000000,182
189,187,,vhh_N_TempScope,"",2,YToxMzp7czoxMDoiZmllbGRXaWR0aCI7czoyOiIzMCI7czoxNzoiZG9lc05vdFRha2VMb2NhbGUiO3M6MToiMSI7czoxNToiY2FuQmVVc2VkSW5Tb3J0IjtzOjE6IjEiO3M6MTM6InVzZURhdGVQaWNrZXIiO3M6MToiMCI7czoyMDoiZGF0ZVBpY2tlckRhdGVGb3JtYXQiO3M6ODoieXktbW0tZGQiO3M6MTQ6Im11c3ROb3RCZUJsYW5rIjtzOjE6IjAiO3M6MTA6ImlzTGlmZXNwYW4iO3M6MToiMCI7czoyMToic3VnZ2VzdEV4aXN0aW5nVmFsdWVzIjtzOjE6IjAiO3M6MjQ6InN1Z2dlc3RFeGlzdGluZ1ZhbHVlU29ydCI7czo1OiJ2YWx1ZSI7czoyMToiY2FuQmVVc2VkSW5TZWFyY2hGb3JtIjtzOjE6IjEiO3M6MTg6ImNhbkJlVXNlZEluRGlzcGxheSI7czoxOiIxIjtzOjEwOiJjYW5NYWtlUERGIjtzOjE6IjAiO3M6MTg6ImNhbk1ha2VQREZGb3JWYWx1ZSI7czoxOiIwIjt9,0,39858.14943819000000000000,40201.74407301900000000000,182
190,,99,vhh_Sex,"",3,YToyOntzOjY6InJlbmRlciI7czo2OiJzZWxlY3QiO3M6MTU6InJlc3RyaWN0VG9UeXBlcyI7czoxOiIyIjt9,0,1.00000000000000000000,4294967296.00000000000000000000,190
191,,,cws_AwardName,"",1,YToyOntzOjg6Im1pbkNoYXJzIjtzOjE6IjMiO3M6MjE6InN1Z2dlc3RFeGlzdGluZ1ZhbHVlcyI7czoxOiIxIjt9,0,1.00000000000000000000,4294967296.00000000000000000000,191
192,,,cws_Sponsor,"",22,YToxOntzOjE1OiJyZXN0cmljdFRvVHlwZXMiO2E6Mzp7aTowO3M6MjoiODUiO2k6MTtzOjI6Ijg3IjtpOjI7czoyOiI4NiI7fX0=,0,1.00000000000000000000,4294967296.00000000000000000000,192
193,,,vhh_EventAgent,"",22,YToxOntzOjE1OiJyZXN0cmljdFRvVHlwZXMiO2E6Mzp7aTowO3M6MjoiODUiO2k6MTtzOjI6Ijg3IjtpOjI7czoyOiI4NiI7fX0=,0,1.00000000000000000000,4294967296.00000000000000000000,193
194,,,vhh_Organiser,"",22,YToyOntzOjEyOiJyZXF1aXJlVmFsdWUiO3M6MToiMCI7czoxNToicmVzdHJpY3RUb1R5cGVzIjthOjM6e2k6MDtzOjI6Ijg1IjtpOjE7czoyOiI4NyI7aToyO3M6MjoiODYiO319,0,1.00000000000000000000,4294967296.00000000000000000000,194
195,,,vhh_Publisher,"",22,YToyOntzOjEyOiJyZXF1aXJlVmFsdWUiO3M6MToiMCI7czoxNToicmVzdHJpY3RUb1R5cGVzIjthOjM6e2k6MDtzOjI6Ijg1IjtpOjE7czoyOiI4NyI7aToyO3M6MjoiODYiO319,0,1.00000000000000000000,4294967296.00000000000000000000,195
196,,,vhh_AccessConditions2,"",1,YToyOntzOjEwOiJmaWVsZFdpZHRoIjtzOjM6IjExMCI7czoxMToiZmllbGRIZWlnaHQiO3M6MToiNCI7fQ==,0,1.00000000000000000000,4294967296.00000000000000000000,196
197,,,vhh_CertificateNumber,"",1,YToxOntzOjg6Im1pbkNoYXJzIjtzOjE6IjMiO30=,0,1.00000000000000000000,4294967296.00000000000000000000,197
198,,,vhh_mmsi_processed,"",11,YToxNzp7czo4OiJtaW5DaGFycyI7czoxOiIwIjtzOjg6Im1heENoYXJzIjtzOjU6IjY1NTM1IjtzOjg6Im1pblZhbHVlIjtzOjE6IjEiO3M6ODoibWF4VmFsdWUiO3M6MToiMSI7czo1OiJyZWdleCI7czowOiIiO3M6MTA6ImZpZWxkV2lkdGgiO3M6MjoiNDAiO3M6MTE6ImZpZWxkSGVpZ2h0IjtzOjE6IjEiO3M6MTc6ImRvZXNOb3RUYWtlTG9jYWxlIjtzOjE6IjAiO3M6MTU6ImNhbkJlVXNlZEluU29ydCI7czoxOiIxIjtzOjE0OiJtdXN0Tm90QmVCbGFuayI7czoxOiIwIjtzOjEyOiJtdXN0QmVVbmlxdWUiO3M6MToiMCI7czoyMToiY2FuQmVVc2VkSW5TZWFyY2hGb3JtIjtzOjE6IjEiO3M6MTg6ImNhbkJlVXNlZEluRGlzcGxheSI7czoxOiIxIjtzOjEwOiJjYW5NYWtlUERGIjtzOjE6IjAiO3M6MTg6ImNhbk1ha2VQREZGb3JWYWx1ZSI7czoxOiIwIjtzOjE1OiJkaXNwbGF5VGVtcGxhdGUiO3M6MDoiIjtzOjE2OiJkaXNwbGF5RGVsaW1pdGVyIjtzOjI6IjsgIjt9,0,1.00000000000000000000,4294967296.00000000000000000000,198
